{"v":"4.8.0","meta":{"g":"LottieFiles AE ","a":"","k":"","d":"","tc":""},"fr":60,"ip":0,"op":311,"w":1000,"h":1000,"nm":"69 - Chatting","ddd":0,"assets":[],"layers":[{"ddd":0,"ind":1,"ty":3,"nm":"Trigger","sr":1,"ks":{"o":{"a":0,"k":0,"ix":11},"r":{"a":0,"k":0,"ix":10},"p":{"a":0,"k":[500,500,0],"ix":2},"a":{"a":0,"k":[0,0,0],"ix":1},"s":{"a":0,"k":[100,100,100],"ix":6}},"ao":0,"ip":0,"op":600,"st":0,"bm":0},{"ddd":0,"ind":2,"ty":3,"nm":"Out Animation","sr":1,"ks":{"o":{"a":0,"k":0,"ix":11},"r":{"a":1,"k":[{"i":{"x":[0.667],"y":[1]},"o":{"x":[0.167],"y":[0]},"t":0,"s":[0]},{"i":{"x":[0],"y":[1]},"o":{"x":[0.345],"y":[0]},"t":240,"s":[0]},{"i":{"x":[0.667],"y":[1]},"o":{"x":[1],"y":[0]},"t":260,"s":[5]},{"t":300,"s":[-25]}],"ix":10},"p":{"a":0,"k":[500,500,0],"ix":2},"a":{"a":0,"k":[50,50,0],"ix":1},"s":{"a":1,"k":[{"i":{"x":[0,0,0.667],"y":[1,1,1]},"o":{"x":[0.345,0.345,0.333],"y":[0,0,0]},"t":240,"s":[100,100,100]},{"i":{"x":[0.667,0.667,0.667],"y":[1,1,1]},"o":{"x":[1,1,0.333],"y":[0,0,0]},"t":260,"s":[110,110,100]},{"t":300,"s":[0,0,100]}],"ix":6}},"ao":0,"ip":0,"op":600,"st":0,"bm":0},{"ddd":0,"ind":3,"ty":4,"nm":"Layer 2 Outlines","parent":6,"sr":1,"ks":{"o":{"a":0,"k":100,"ix":11},"r":{"a":0,"k":0,"ix":10},"p":{"a":0,"k":[429.549,523.069,0],"ix":2},"a":{"a":0,"k":[429.549,523.069,0],"ix":1},"s":{"a":1,"k":[{"i":{"x":[0.334,0.334,0.334],"y":[1,1,1]},"o":{"x":[0.653,0.653,0.653],"y":[0,0,0]},"t":75,"s":[0,100,100]},{"t":115,"s":[100,100,100]}],"ix":6}},"ao":0,"shapes":[{"ty":"gr","it":[{"ind":0,"ty":"sh","ix":1,"ks":{"a":0,"k":{"i":[[-1.775,0],[0,0],[0,1.783],[0,0],[1.767,0],[0,0],[0,-1.768],[0,0]],"o":[[0,0],[1.767,0],[0,0],[0,-1.768],[0,0],[-1.775,0],[0,0],[0,1.783]],"v":[[-75.318,3.474],[75.326,3.474],[78.549,0.25],[78.549,-0.258],[75.326,-3.474],[-75.318,-3.474],[-78.549,-0.258],[-78.549,0.25]],"c":true},"ix":2},"nm":"Path 1","mn":"ADBE Vector Shape - Group","hd":false},{"ty":"fl","c":{"a":0,"k":[1,1,1,1],"ix":4},"o":{"a":0,"k":100,"ix":5},"r":1,"bm":0,"nm":"Fill 1","mn":"ADBE Vector Graphic - Fill","hd":false},{"ty":"tr","p":{"a":0,"k":[429.549,523.069],"ix":2},"a":{"a":0,"k":[0,0],"ix":1},"s":{"a":0,"k":[100,100],"ix":3},"r":{"a":0,"k":0,"ix":6},"o":{"a":0,"k":100,"ix":7},"sk":{"a":0,"k":0,"ix":4},"sa":{"a":0,"k":0,"ix":5},"nm":"Transform"}],"nm":"Group 1","np":2,"cix":2,"bm":0,"ix":1,"mn":"ADBE Vector Group","hd":false}],"ip":0,"op":600,"st":0,"bm":0},{"ddd":0,"ind":4,"ty":4,"nm":"Layer 3 Outlines","parent":6,"sr":1,"ks":{"o":{"a":0,"k":100,"ix":11},"r":{"a":0,"k":0,"ix":10},"p":{"a":0,"k":[429.549,492.484,0],"ix":2},"a":{"a":0,"k":[429.549,492.484,0],"ix":1},"s":{"a":1,"k":[{"i":{"x":[0.334,0.334,0.334],"y":[1,1,1]},"o":{"x":[0.653,0.653,0.653],"y":[0,0,0]},"t":75,"s":[0,100,100]},{"t":115,"s":[100,100,100]}],"ix":6}},"ao":0,"shapes":[{"ty":"gr","it":[{"ind":0,"ty":"sh","ix":1,"ks":{"a":0,"k":{"i":[[-1.775,0],[0,0],[0,1.774],[0,0],[1.767,0],[0,0],[0,-1.782],[0,0]],"o":[[0,0],[1.767,0],[0,0],[0,-1.782],[0,0],[-1.775,0],[0,0],[0,1.774]],"v":[[-75.318,3.474],[75.326,3.474],[78.549,0.244],[78.549,-0.25],[75.326,-3.473],[-75.318,-3.473],[-78.549,-0.25],[-78.549,0.244]],"c":true},"ix":2},"nm":"Path 1","mn":"ADBE Vector Shape - Group","hd":false},{"ty":"fl","c":{"a":0,"k":[1,1,1,1],"ix":4},"o":{"a":0,"k":100,"ix":5},"r":1,"bm":0,"nm":"Fill 1","mn":"ADBE Vector Graphic - Fill","hd":false},{"ty":"tr","p":{"a":0,"k":[429.549,492.484],"ix":2},"a":{"a":0,"k":[0,0],"ix":1},"s":{"a":0,"k":[100,100],"ix":3},"r":{"a":0,"k":0,"ix":6},"o":{"a":0,"k":100,"ix":7},"sk":{"a":0,"k":0,"ix":4},"sa":{"a":0,"k":0,"ix":5},"nm":"Transform"}],"nm":"Group 1","np":2,"cix":2,"bm":0,"ix":1,"mn":"ADBE Vector Group","hd":false}],"ip":0,"op":600,"st":0,"bm":0},{"ddd":0,"ind":5,"ty":4,"nm":"Layer 4 Outlines","parent":6,"sr":1,"ks":{"o":{"a":0,"k":100,"ix":11},"r":{"a":0,"k":0,"ix":10},"p":{"a":0,"k":[429.549,461.897,0],"ix":2},"a":{"a":0,"k":[429.549,461.897,0],"ix":1},"s":{"a":1,"k":[{"i":{"x":[0.334,0.334,0.334],"y":[1,1,1]},"o":{"x":[0.653,0.653,0.653],"y":[0,0,0]},"t":75,"s":[0,100,100]},{"t":115,"s":[100,100,100]}],"ix":6}},"ao":0,"shapes":[{"ty":"gr","it":[{"ind":0,"ty":"sh","ix":1,"ks":{"a":0,"k":{"i":[[-1.775,0],[0,0],[0,1.775],[0,0],[1.767,0],[0,0],[0,-1.784],[0,0]],"o":[[0,0],[1.767,0],[0,0],[0,-1.784],[0,0],[-1.775,0],[0,0],[0,1.775]],"v":[[-75.318,3.478],[75.326,3.478],[78.549,0.255],[78.549,-0.238],[75.326,-3.478],[-75.318,-3.478],[-78.549,-0.238],[-78.549,0.255]],"c":true},"ix":2},"nm":"Path 1","mn":"ADBE Vector Shape - Group","hd":false},{"ty":"fl","c":{"a":0,"k":[1,1,1,1],"ix":4},"o":{"a":0,"k":100,"ix":5},"r":1,"bm":0,"nm":"Fill 1","mn":"ADBE Vector Graphic - Fill","hd":false},{"ty":"tr","p":{"a":0,"k":[429.549,461.897],"ix":2},"a":{"a":0,"k":[0,0],"ix":1},"s":{"a":0,"k":[100,100],"ix":3},"r":{"a":0,"k":0,"ix":6},"o":{"a":0,"k":100,"ix":7},"sk":{"a":0,"k":0,"ix":4},"sa":{"a":0,"k":0,"ix":5},"nm":"Transform"}],"nm":"Group 1","np":2,"cix":2,"bm":0,"ix":1,"mn":"ADBE Vector Group","hd":false}],"ip":0,"op":600,"st":0,"bm":0},{"ddd":0,"ind":6,"ty":4,"nm":"Layer 5 Outlines","parent":2,"sr":1,"ks":{"o":{"a":0,"k":100,"ix":11},"r":{"a":1,"k":[{"i":{"x":[0.28],"y":[1]},"o":{"x":[0.704],"y":[0]},"t":65,"s":[-45]},{"t":105,"s":[0]}],"ix":10},"p":{"a":0,"k":[-149.742,163.129,0],"ix":2},"a":{"a":0,"k":[300.258,613.129,0],"ix":1},"s":{"a":1,"k":[{"i":{"x":[0.388,0.388,0.667],"y":[1,1,1]},"o":{"x":[0.669,0.669,0.333],"y":[0,0,0]},"t":65,"s":[0,0,100]},{"i":{"x":[0.32,0.32,0.667],"y":[1,1,1]},"o":{"x":[0.66,0.66,0.333],"y":[0,0,0]},"t":105,"s":[103,103,100]},{"t":125,"s":[100,100,100]}],"ix":6}},"ao":0,"shapes":[{"ty":"gr","it":[{"ind":0,"ty":"sh","ix":1,"ks":{"a":0,"k":{"i":[[0,0],[0,0],[0,4.425],[0,0],[-11.62,0],[0,0],[0,-11.627],[0,0],[11.635,0],[0,0]],"o":[[0,0],[-2.348,-3.381],[0,0],[0,-11.627],[0,0],[11.635,0],[0,0],[0,11.636],[0,0],[0,0]],"v":[[-116.654,94.724],[-95.437,41.084],[-99.162,29.171],[-99.162,-73.579],[-78.032,-94.724],[95.499,-94.724],[116.654,-73.579],[116.654,29.171],[95.499,50.309],[-62.872,50.309]],"c":true},"ix":2},"nm":"Path 1","mn":"ADBE Vector Shape - Group","hd":false},{"ty":"fl","c":{"a":0,"k":[0.972999961703,0.745000023935,0.286000001197,1],"ix":4},"o":{"a":0,"k":100,"ix":5},"r":1,"bm":0,"nm":"Fill 1","mn":"ADBE Vector Graphic - Fill","hd":false},{"ty":"tr","p":{"a":0,"k":[416.911,518.405],"ix":2},"a":{"a":0,"k":[0,0],"ix":1},"s":{"a":0,"k":[100,100],"ix":3},"r":{"a":0,"k":0,"ix":6},"o":{"a":0,"k":100,"ix":7},"sk":{"a":0,"k":0,"ix":4},"sa":{"a":0,"k":0,"ix":5},"nm":"Transform"}],"nm":"Group 1","np":2,"cix":2,"bm":0,"ix":1,"mn":"ADBE Vector Group","hd":false}],"ip":0,"op":600,"st":0,"bm":0},{"ddd":0,"ind":7,"ty":3,"nm":"Null 2","parent":2,"sr":1,"ks":{"o":{"a":0,"k":0,"ix":11},"r":{"a":0,"k":0,"ix":10},"p":{"a":1,"k":[{"i":{"x":0.28,"y":1},"o":{"x":0.704,"y":0},"t":55,"s":[-170,452,0],"to":[0,-13.333,0],"ti":[0,13.333,0]},{"t":105,"s":[-170,372,0]}],"ix":2},"a":{"a":0,"k":[50,100,0],"ix":1},"s":{"a":0,"k":[100,100,100],"ix":6}},"ao":0,"ip":0,"op":600,"st":0,"bm":0},{"ddd":0,"ind":8,"ty":4,"nm":"Layer 11 Outlines","parent":7,"sr":1,"ks":{"o":{"a":0,"k":100,"ix":11},"r":{"a":0,"k":0,"ix":10},"p":{"a":0,"k":[44.485,-270.393,0],"ix":2},"a":{"a":0,"k":[274.485,451.607,0],"ix":1},"s":{"a":1,"k":[{"i":{"x":[0.388,0.388,0.667],"y":[1,1,1]},"o":{"x":[0.669,0.669,0.333],"y":[0,0,0]},"t":40,"s":[0,0,100]},{"i":{"x":[0.32,0.32,0.667],"y":[1,1,1]},"o":{"x":[0.66,0.66,0.333],"y":[0,0,0]},"t":70,"s":[103,103,100]},{"t":90,"s":[100,100,100]}],"ix":6}},"ao":0,"shapes":[{"ty":"gr","it":[{"ind":0,"ty":"sh","ix":1,"ks":{"a":0,"k":{"i":[[0,-8.755],[8.738,0],[0,8.754],[-8.763,0]],"o":[[0,8.754],[-8.763,0],[0,-8.755],[8.738,0]],"v":[[15.857,0],[0.02,15.853],[-15.857,0],[0.02,-15.853]],"c":true},"ix":2},"nm":"Path 1","mn":"ADBE Vector Shape - Group","hd":false},{"ty":"fl","c":{"a":0,"k":[0.991999966491,0.426999978458,0.375999989229,1],"ix":4},"o":{"a":0,"k":100,"ix":5},"r":1,"bm":0,"nm":"Fill 1","mn":"ADBE Vector Graphic - Fill","hd":false},{"ty":"tr","p":{"a":0,"k":[274.485,451.607],"ix":2},"a":{"a":0,"k":[0,0],"ix":1},"s":{"a":0,"k":[100,100],"ix":3},"r":{"a":0,"k":0,"ix":6},"o":{"a":0,"k":100,"ix":7},"sk":{"a":0,"k":0,"ix":4},"sa":{"a":0,"k":0,"ix":5},"nm":"Transform"}],"nm":"Group 1","np":2,"cix":2,"bm":0,"ix":1,"mn":"ADBE Vector Group","hd":false}],"ip":0,"op":600,"st":0,"bm":0},{"ddd":0,"ind":9,"ty":4,"nm":"Layer 13 Outlines","parent":7,"sr":1,"ks":{"o":{"a":0,"k":100,"ix":11},"r":{"a":0,"k":0,"ix":10},"p":{"a":1,"k":[{"i":{"x":0.28,"y":1},"o":{"x":0.704,"y":0},"t":20,"s":[41.257,274.319,0],"to":[0,-56.667,0],"ti":[0,56.667,0]},{"t":70,"s":[41.257,-65.681,0]}],"ix":2},"a":{"a":0,"k":[271.257,656.319,0],"ix":1},"s":{"a":0,"k":[100,100,100],"ix":6}},"ao":0,"hasMask":true,"masksProperties":[{"inv":false,"mode":"a","pt":{"a":1,"k":[{"i":{"x":0.28,"y":1},"o":{"x":0.704,"y":0},"t":20,"s":[{"i":[[0,0],[0,0],[0,0],[0,0]],"o":[[0,0],[0,0],[0,0],[0,0]],"v":[[982,-365.25],[-272,-365.25],[-272,482.75],[982,482.75]],"c":true}]},{"t":70,"s":[{"i":[[0,0],[0,0],[0,0],[0,0]],"o":[[0,0],[0,0],[0,0],[0,0]],"v":[[982,-26],[-272,-26],[-272,822],[982,822]],"c":true}]}],"ix":1},"o":{"a":0,"k":100,"ix":3},"x":{"a":0,"k":0,"ix":4},"nm":"Mask 1"}],"shapes":[{"ty":"gr","it":[{"ind":0,"ty":"sh","ix":1,"ks":{"a":0,"k":{"i":[[0,0],[0,0],[0,0],[0.025,0.039],[15.909,-3.184],[0,0],[0,0],[0,0],[0,0],[0,0]],"o":[[0,0],[0,0],[-0.008,-0.024],[-3.462,0],[0,0],[0,0],[0,0],[0,0],[0,0],[0,0]],"v":[[34.122,-12.328],[-19.811,-60.117],[16.956,-66.89],[16.9,-66.969],[-56.054,-53.05],[-56.054,-16.752],[-56.054,66.97],[-40.694,66.97],[56.055,66.97],[56.055,-36.362]],"c":true},"ix":2},"nm":"Path 1","mn":"ADBE Vector Shape - Group","hd":false},{"ty":"fl","c":{"a":0,"k":[0.647000002394,0.709999952129,0.713999968884,1],"ix":4},"o":{"a":0,"k":100,"ix":5},"r":1,"bm":0,"nm":"Fill 1","mn":"ADBE Vector Graphic - Fill","hd":false},{"ty":"tr","p":{"a":0,"k":[219.356,753.005],"ix":2},"a":{"a":0,"k":[0,0],"ix":1},"s":{"a":0,"k":[100,100],"ix":3},"r":{"a":0,"k":0,"ix":6},"o":{"a":0,"k":100,"ix":7},"sk":{"a":0,"k":0,"ix":4},"sa":{"a":0,"k":0,"ix":5},"nm":"Transform"}],"nm":"Group 1","np":2,"cix":2,"bm":0,"ix":1,"mn":"ADBE Vector Group","hd":false},{"ty":"gr","it":[{"ind":0,"ty":"sh","ix":1,"ks":{"a":0,"k":{"i":[[1.894,0],[0,-1.894],[-1.862,0],[0,1.871]],"o":[[-1.862,0],[0,1.871],[1.894,0],[0,-1.894]],"v":[[-0.012,-3.414],[-3.41,0.008],[-0.012,3.415],[3.41,0.008]],"c":true},"ix":2},"nm":"Path 1","mn":"ADBE Vector Shape - Group","hd":false},{"ty":"fl","c":{"a":0,"k":[0.583999992819,0.647000002394,0.651000019148,1],"ix":4},"o":{"a":0,"k":100,"ix":5},"r":1,"bm":0,"nm":"Fill 1","mn":"ADBE Vector Graphic - Fill","hd":false},{"ty":"tr","p":{"a":0,"k":[285.65,780.079],"ix":2},"a":{"a":0,"k":[0,0],"ix":1},"s":{"a":0,"k":[100,100],"ix":3},"r":{"a":0,"k":0,"ix":6},"o":{"a":0,"k":100,"ix":7},"sk":{"a":0,"k":0,"ix":4},"sa":{"a":0,"k":0,"ix":5},"nm":"Transform"}],"nm":"Group 2","np":2,"cix":2,"bm":0,"ix":2,"mn":"ADBE Vector Group","hd":false},{"ty":"gr","it":[{"ind":0,"ty":"sh","ix":1,"ks":{"a":0,"k":{"i":[[0,0],[0,0],[0,0],[0,0],[0,0],[0,0],[0,0]],"o":[[0,0],[0,0],[0,0],[0,0],[0,0],[0,0],[0,0]],"v":[[0.904,-50.429],[0.904,-51.917],[-0.458,-51.917],[-0.904,-51.917],[-0.904,-51.416],[-0.904,51.916],[0.904,51.916]],"c":true},"ix":2},"nm":"Path 1","mn":"ADBE Vector Shape - Group","hd":false},{"ty":"fl","c":{"a":0,"k":[0.583999992819,0.647000002394,0.651000019148,1],"ix":4},"o":{"a":0,"k":100,"ix":5},"r":1,"bm":0,"nm":"Fill 1","mn":"ADBE Vector Graphic - Fill","hd":false},{"ty":"tr","p":{"a":0,"k":[276.314,768.058],"ix":2},"a":{"a":0,"k":[0,0],"ix":1},"s":{"a":0,"k":[100,100],"ix":3},"r":{"a":0,"k":0,"ix":6},"o":{"a":0,"k":100,"ix":7},"sk":{"a":0,"k":0,"ix":4},"sa":{"a":0,"k":0,"ix":5},"nm":"Transform"}],"nm":"Group 3","np":2,"cix":2,"bm":0,"ix":3,"mn":"ADBE Vector Group","hd":false},{"ty":"gr","it":[{"ind":0,"ty":"sh","ix":1,"ks":{"a":0,"k":{"i":[[0,0],[0,0],[0,0],[0,0],[0,0],[0,0],[0,0],[0,0],[0,0]],"o":[[0,0],[0,0],[0,0],[0,0],[0,0],[0,0],[0,0],[0,0],[0,0]],"v":[[1.158,-27.32],[1.151,-27.32],[-38.291,2.784],[-36.93,2.784],[-36.93,4.273],[-15.634,27.32],[38.236,-20.423],[38.292,-20.469],[35.006,-21.058]],"c":true},"ix":2},"nm":"Path 1","mn":"ADBE Vector Shape - Group","hd":false},{"ty":"fl","c":{"a":0,"k":[0.522000002394,0.583999992819,0.588000009574,1],"ix":4},"o":{"a":0,"k":100,"ix":5},"r":1,"bm":0,"nm":"Fill 1","mn":"ADBE Vector Graphic - Fill","hd":false},{"ty":"tr","p":{"a":0,"k":[314.149,713.357],"ix":2},"a":{"a":0,"k":[0,0],"ix":1},"s":{"a":0,"k":[100,100],"ix":3},"r":{"a":0,"k":0,"ix":6},"o":{"a":0,"k":100,"ix":7},"sk":{"a":0,"k":0,"ix":4},"sa":{"a":0,"k":0,"ix":5},"nm":"Transform"}],"nm":"Group 4","np":2,"cix":2,"bm":0,"ix":4,"mn":"ADBE Vector Group","hd":false},{"ty":"gr","it":[{"ind":0,"ty":"sh","ix":1,"ks":{"a":0,"k":{"i":[[0,0],[0,0],[0,0],[0,0],[0,0],[0,0],[0,0],[0,0]],"o":[[0,0],[0,0],[0,0],[0,0],[0,0],[0,0],[0,0],[0,0]],"v":[[15.777,27.32],[37.71,3.287],[37.71,2.786],[38.156,2.786],[0.306,-26.285],[-1.023,-27.32],[-1.389,-27.241],[-38.156,-20.468]],"c":true},"ix":2},"nm":"Path 1","mn":"ADBE Vector Shape - Group","hd":false},{"ty":"fl","c":{"a":0,"k":[0.522000002394,0.583999992819,0.588000009574,1],"ix":4},"o":{"a":0,"k":100,"ix":5},"r":1,"bm":0,"nm":"Fill 1","mn":"ADBE Vector Graphic - Fill","hd":false},{"ty":"tr","p":{"a":0,"k":[237.701,713.356],"ix":2},"a":{"a":0,"k":[0,0],"ix":1},"s":{"a":0,"k":[100,100],"ix":3},"r":{"a":0,"k":0,"ix":6},"o":{"a":0,"k":100,"ix":7},"sk":{"a":0,"k":0,"ix":4},"sa":{"a":0,"k":0,"ix":5},"nm":"Transform"}],"nm":"Group 5","np":2,"cix":2,"bm":0,"ix":5,"mn":"ADBE Vector Group","hd":false},{"ty":"gr","it":[{"ind":0,"ty":"sh","ix":1,"ks":{"a":0,"k":{"i":[],"o":[],"v":[],"c":true},"ix":2},"nm":"Path 1","mn":"ADBE Vector Shape - Group","hd":false},{"ty":"fl","c":{"a":0,"k":[0.647000002394,0.709999952129,0.713999968884,1],"ix":4},"o":{"a":0,"k":100,"ix":5},"r":1,"bm":0,"nm":"Fill 1","mn":"ADBE Vector Graphic - Fill","hd":false},{"ty":"tr","p":{"a":0,"k":[0.5,0.5],"ix":2},"a":{"a":0,"k":[0,0],"ix":1},"s":{"a":0,"k":[100,100],"ix":3},"r":{"a":0,"k":0,"ix":6},"o":{"a":0,"k":100,"ix":7},"sk":{"a":0,"k":0,"ix":4},"sa":{"a":0,"k":0,"ix":5},"nm":"Transform"}],"nm":"Group 6","np":2,"cix":2,"bm":0,"ix":6,"mn":"ADBE Vector Group","hd":false},{"ty":"gr","it":[{"ind":0,"ty":"sh","ix":1,"ks":{"a":0,"k":{"i":[[0.207,0],[0,0],[4.09,0.518]],"o":[[0,0],[-14.946,-3],[-0.485,-0.055]],"v":[[-16.924,-3.131],[16.924,3.131],[-15.841,-3.021]],"c":true},"ix":2},"nm":"Path 1","mn":"ADBE Vector Shape - Group","hd":false},{"ty":"fl","c":{"a":0,"k":[0.647000002394,0.709999952129,0.713999968884,1],"ix":4},"o":{"a":0,"k":100,"ix":5},"r":1,"bm":0,"nm":"Fill 1","mn":"ADBE Vector Graphic - Fill","hd":false},{"ty":"tr","p":{"a":0,"k":[332.23,689.168],"ix":2},"a":{"a":0,"k":[0,0],"ix":1},"s":{"a":0,"k":[100,100],"ix":3},"r":{"a":0,"k":0,"ix":6},"o":{"a":0,"k":100,"ix":7},"sk":{"a":0,"k":0,"ix":4},"sa":{"a":0,"k":0,"ix":5},"nm":"Transform"}],"nm":"Group 7","np":2,"cix":2,"bm":0,"ix":7,"mn":"ADBE Vector Group","hd":false},{"ty":"gr","it":[{"ind":0,"ty":"sh","ix":1,"ks":{"a":0,"k":{"i":[[1.894,0],[0,1.871],[-1.862,0],[0,-1.894]],"o":[[-1.862,0],[0,-1.894],[1.894,0],[0,1.871]],"v":[[-42.577,27.04],[-45.975,23.633],[-42.577,20.211],[-39.155,23.633]],"c":true},"ix":2},"nm":"Path 1","mn":"ADBE Vector Shape - Group","hd":false},{"ind":1,"ty":"sh","ix":2,"ks":{"a":0,"k":{"i":[[0,0],[0,0],[0,0],[0,0],[0,0],[9.406,1.896]],"o":[[0,0],[0,0],[0,0],[0,0],[-7.846,-1.639],[0,0]],"v":[[-29.7,-15.777],[-50.997,-38.824],[-50.997,63.52],[50.997,63.52],[50.997,-58.02],[24.17,-63.52]],"c":true},"ix":2},"nm":"Path 2","mn":"ADBE Vector Shape - Group","hd":false},{"ty":"mm","mm":1,"nm":"Merge Paths 1","mn":"ADBE Vector Filter - Merge","hd":false},{"ty":"fl","c":{"a":0,"k":[0.647000002394,0.709999952129,0.713999968884,1],"ix":4},"o":{"a":0,"k":100,"ix":5},"r":1,"bm":0,"nm":"Fill 1","mn":"ADBE Vector Graphic - Fill","hd":false},{"ty":"tr","p":{"a":0,"k":[328.215,756.454],"ix":2},"a":{"a":0,"k":[0,0],"ix":1},"s":{"a":0,"k":[100,100],"ix":3},"r":{"a":0,"k":0,"ix":6},"o":{"a":0,"k":100,"ix":7},"sk":{"a":0,"k":0,"ix":4},"sa":{"a":0,"k":0,"ix":5},"nm":"Transform"}],"nm":"Group 8","np":4,"cix":2,"bm":0,"ix":8,"mn":"ADBE Vector Group","hd":false},{"ty":"gr","it":[{"ind":0,"ty":"sh","ix":1,"ks":{"a":0,"k":{"i":[[0,0],[0,0],[-0.287,-0.072],[0,0],[0,0],[0,0],[0,0],[-2.793,10.729],[0,3.439],[0.08,0.755],[0,0],[0,0],[0,0],[0,0],[0,0],[0,0],[0,0],[0,0],[0,0],[0,0],[0,0],[0,0],[0,0]],"o":[[0,0],[0.271,0.127],[0,0],[0,0],[0,0],[0,0],[9.813,-2.753],[0.843,-3.071],[0,-0.756],[0,0],[0,0],[0,0],[0,0],[0,0],[0,0],[0,0],[0,0],[0,0],[0,0],[0,0],[0,0],[0,0],[0,0]],"v":[[-43.225,30.059],[-36.986,56.138],[-36.087,56.337],[-33.557,43.094],[-27.786,12.98],[4.326,16.816],[25.383,19.283],[45.621,-2.619],[46.862,-12.495],[46.728,-14.754],[45.836,-25.865],[45.565,-25.666],[16.461,-50.097],[10.637,-41.797],[4.326,-45.697],[-13.04,-56.337],[-20.997,-43.365],[-25.853,-49.548],[-34.432,-29.979],[-40.217,-29.573],[-46.863,14.89],[-43.639,28.268],[-43.639,28.308]],"c":true},"ix":2},"nm":"Path 1","mn":"ADBE Vector Shape - Group","hd":false},{"ty":"fl","c":{"a":0,"k":[0.365000017952,0.172999991623,0.063000002094,1],"ix":4},"o":{"a":0,"k":100,"ix":5},"r":1,"bm":0,"nm":"Fill 1","mn":"ADBE Vector Graphic - Fill","hd":false},{"ty":"tr","p":{"a":0,"k":[266.892,549.001],"ix":2},"a":{"a":0,"k":[0,0],"ix":1},"s":{"a":0,"k":[100,100],"ix":3},"r":{"a":0,"k":0,"ix":6},"o":{"a":0,"k":100,"ix":7},"sk":{"a":0,"k":0,"ix":4},"sa":{"a":0,"k":0,"ix":5},"nm":"Transform"}],"nm":"Group 9","np":2,"cix":2,"bm":0,"ix":9,"mn":"ADBE Vector Group","hd":false},{"ty":"gr","it":[{"ind":0,"ty":"sh","ix":1,"ks":{"a":0,"k":{"i":[[0,0],[0,0],[0.272,0.127]],"o":[[0,0],[-0.287,-0.072],[0,0]],"v":[[0.036,1.13],[0.45,-0.932],[-0.45,-1.13]],"c":true},"ix":2},"nm":"Path 1","mn":"ADBE Vector Shape - Group","hd":false},{"ty":"fl","c":{"a":0,"k":[0.277999997606,0.128999986836,0.046999998654,1],"ix":4},"o":{"a":0,"k":100,"ix":5},"r":1,"bm":0,"nm":"Fill 1","mn":"ADBE Vector Graphic - Fill","hd":false},{"ty":"tr","p":{"a":0,"k":[230.355,606.269],"ix":2},"a":{"a":0,"k":[0,0],"ix":1},"s":{"a":0,"k":[100,100],"ix":3},"r":{"a":0,"k":0,"ix":6},"o":{"a":0,"k":100,"ix":7},"sk":{"a":0,"k":0,"ix":4},"sa":{"a":0,"k":0,"ix":5},"nm":"Transform"}],"nm":"Group 10","np":2,"cix":2,"bm":0,"ix":10,"mn":"ADBE Vector Group","hd":false},{"ty":"gr","it":[{"ind":0,"ty":"sh","ix":1,"ks":{"a":0,"k":{"i":[[0,-0.756],[0.843,-3.071],[9.812,-2.753],[0,0],[0,0],[0,0],[0,0],[0,0],[0,0],[0,0],[0,0],[0,0],[0,0]],"o":[[0,3.438],[-2.794,10.728],[0,0],[0,0],[0,0],[0,0],[0,0],[0,0],[0,0],[0,0],[0,0],[0,0],[0.079,0.756]],"v":[[3.836,-20.25],[2.594,-10.374],[-17.643,11.527],[-3.143,13.247],[5.984,27.31],[7.901,30.262],[13.799,39.326],[14.547,31.034],[16.267,11.958],[17.643,-3.02],[8.938,-39.326],[2.809,-33.62],[3.701,-22.51]],"c":true},"ix":2},"nm":"Path 1","mn":"ADBE Vector Shape - Group","hd":false},{"ty":"fl","c":{"a":0,"k":[0.277999997606,0.128999986836,0.046999998654,1],"ix":4},"o":{"a":0,"k":100,"ix":5},"r":1,"bm":0,"nm":"Fill 1","mn":"ADBE Vector Graphic - Fill","hd":false},{"ty":"tr","p":{"a":0,"k":[309.919,556.756],"ix":2},"a":{"a":0,"k":[0,0],"ix":1},"s":{"a":0,"k":[100,100],"ix":3},"r":{"a":0,"k":0,"ix":6},"o":{"a":0,"k":100,"ix":7},"sk":{"a":0,"k":0,"ix":4},"sa":{"a":0,"k":0,"ix":5},"nm":"Transform"}],"nm":"Group 11","np":2,"cix":2,"bm":0,"ix":11,"mn":"ADBE Vector Group","hd":false},{"ty":"gr","it":[{"ind":0,"ty":"sh","ix":1,"ks":{"a":0,"k":{"i":[[-1.727,0.844],[1.726,4.385],[0,0],[0,0],[0,0],[0,0],[0,0],[0,0],[2.054,-1.003],[-1.734,-4.385],[0,0],[-3.216,-0.35]],"o":[[4.242,-2.062],[0,0],[0,0],[0,0],[0,0],[0,0],[0,0],[-2.006,-0.477],[-4.226,2.069],[0,0],[1.314,3.342],[1.711,0.216]],"v":[[7.206,16.234],[11.735,4.52],[9.132,-2.07],[6.602,11.172],[6.187,13.234],[5.702,10.974],[-0.537,-15.105],[-0.951,-16.856],[-7.183,-16.163],[-11.727,-4.442],[-5.464,11.333],[1.986,17.118]],"c":true},"ix":2},"nm":"Path 1","mn":"ADBE Vector Shape - Group","hd":false},{"ty":"fl","c":{"a":0,"k":[0.957000014361,0.791999966491,0.685999971278,1],"ix":4},"o":{"a":0,"k":100,"ix":5},"r":1,"bm":0,"nm":"Fill 1","mn":"ADBE Vector Graphic - Fill","hd":false},{"ty":"tr","p":{"a":0,"k":[224.204,594.165],"ix":2},"a":{"a":0,"k":[0,0],"ix":1},"s":{"a":0,"k":[100,100],"ix":3},"r":{"a":0,"k":0,"ix":6},"o":{"a":0,"k":100,"ix":7},"sk":{"a":0,"k":0,"ix":4},"sa":{"a":0,"k":0,"ix":5},"nm":"Transform"}],"nm":"Group 12","np":2,"cix":2,"bm":0,"ix":12,"mn":"ADBE Vector Group","hd":false},{"ty":"gr","it":[{"ind":0,"ty":"sh","ix":1,"ks":{"a":0,"k":{"i":[[-0.661,-0.541],[-0.495,-0.374],[-1.242,-0.565],[0,0],[0,0],[-3.041,-0.455],[-0.191,-0.024],[-0.111,-0.015],[-1.083,-0.025],[-1.67,2.5],[0,0],[-1.918,2.769],[-1.106,5.667],[0.35,4.304],[0,0],[0,0],[0,0],[0,0],[0,0],[0,0],[0,0],[0,0],[4.242,-2.061],[1.711,0.216],[0,0],[0,0],[-1.456,-3.685],[-1.282,-2.125],[-2.053,-1.983],[-0.215,-0.215]],"o":[[0.477,0.39],[1.153,0.82],[0,0],[0,0],[1.425,1.552],[0.191,0.032],[0.103,0.008],[1.011,0.111],[4.624,-0.844],[0,0],[2.57,-1.831],[3.017,-4.139],[0.851,-3.946],[0,0],[0,0],[0,0],[0,0],[0,0],[0,0],[0,0],[0,0],[1.726,4.384],[-1.727,0.844],[0,0],[0,0],[0.327,4.242],[0.884,2.443],[1.568,2.627],[0.207,0.23],[0.621,0.613]],"v":[[-32.287,29.669],[-30.83,30.838],[-27.265,32.979],[-12.813,46.325],[-6.319,52.302],[0.78,55.271],[1.321,55.39],[1.639,55.413],[4.775,55.645],[15.152,50.606],[32.661,28.34],[39.529,21.376],[45.864,6.549],[46.62,-5.857],[44.662,-30.608],[42.744,-33.56],[33.616,-47.623],[19.116,-49.343],[-1.942,-51.81],[-34.054,-55.645],[-39.824,-25.531],[-37.221,-18.941],[-41.75,-7.227],[-46.97,-6.344],[-46.644,-2.276],[-46.334,1.535],[-43.636,13.529],[-40.341,20.381],[-34.89,27.345],[-34.213,27.957]],"c":true},"ix":2},"nm":"Path 1","mn":"ADBE Vector Shape - Group","hd":false},{"ty":"fl","c":{"a":0,"k":[0.957000014361,0.791999966491,0.685999971278,1],"ix":4},"o":{"a":0,"k":100,"ix":5},"r":1,"bm":0,"nm":"Fill 1","mn":"ADBE Vector Graphic - Fill","hd":false},{"ty":"tr","p":{"a":0,"k":[273.16,617.626],"ix":2},"a":{"a":0,"k":[0,0],"ix":1},"s":{"a":0,"k":[100,100],"ix":3},"r":{"a":0,"k":0,"ix":6},"o":{"a":0,"k":100,"ix":7},"sk":{"a":0,"k":0,"ix":4},"sa":{"a":0,"k":0,"ix":5},"nm":"Transform"}],"nm":"Group 13","np":2,"cix":2,"bm":0,"ix":13,"mn":"ADBE Vector Group","hd":false},{"ty":"gr","it":[{"ind":0,"ty":"sh","ix":1,"ks":{"a":0,"k":{"i":[[0,0],[0,0],[0,0],[0.851,-3.947],[3.016,-4.139],[2.57,-1.831],[0,0],[4.624,-0.843],[1.011,0.111],[-1.075,-0.048],[-2.476,3.573],[0,0],[0,0],[0,0],[-1.91,2.737],[-1.105,5.627],[0.343,4.329],[0,0],[0,0]],"o":[[0,0],[0,0],[0.35,4.304],[-1.106,5.667],[-1.918,2.768],[0,0],[-1.671,2.499],[-1.082,-0.024],[1.018,0.128],[6.788,0],[0,0],[0,0],[0,0],[2.539,-1.862],[3.025,-4.122],[0.884,-3.972],[0,0],[0,0],[0,0]],"v":[[22.984,-34.074],[17.087,-43.138],[19.044,-18.387],[18.289,-5.981],[11.953,8.846],[5.086,15.81],[-12.423,38.076],[-22.801,43.114],[-25.936,42.883],[-22.792,43.138],[-5.841,37.568],[10.561,16.637],[10.712,16.454],[11.651,15.268],[18.518,8.336],[24.837,-6.49],[25.594,-18.913],[24.982,-26.807],[23.733,-42.366]],"c":true},"ix":2},"nm":"Path 1","mn":"ADBE Vector Shape - Group","hd":false},{"ty":"fl","c":{"a":0,"k":[0.917999985639,0.725,0.603999956916,1],"ix":4},"o":{"a":0,"k":100,"ix":5},"r":1,"bm":0,"nm":"Fill 1","mn":"ADBE Vector Graphic - Fill","hd":false},{"ty":"tr","p":{"a":0,"k":[300.735,630.156],"ix":2},"a":{"a":0,"k":[0,0],"ix":1},"s":{"a":0,"k":[100,100],"ix":3},"r":{"a":0,"k":0,"ix":6},"o":{"a":0,"k":100,"ix":7},"sk":{"a":0,"k":0,"ix":4},"sa":{"a":0,"k":0,"ix":5},"nm":"Transform"}],"nm":"Group 14","np":2,"cix":2,"bm":0,"ix":14,"mn":"ADBE Vector Group","hd":false},{"ty":"gr","it":[{"ind":0,"ty":"sh","ix":1,"ks":{"a":0,"k":{"i":[[1.154,0.82],[-1.21,-0.573],[0,0],[0,0]],"o":[[1.169,0.844],[0,0],[0,0],[-1.242,-0.565]],"v":[[-9.009,-7.744],[-5.444,-5.57],[9.009,7.744],[-5.444,-5.602]],"c":true},"ix":2},"nm":"Path 1","mn":"ADBE Vector Shape - Group","hd":false},{"ty":"fl","c":{"a":0,"k":[0.917999985639,0.725,0.603999956916,1],"ix":4},"o":{"a":0,"k":100,"ix":5},"r":1,"bm":0,"nm":"Fill 1","mn":"ADBE Vector Graphic - Fill","hd":false},{"ty":"tr","p":{"a":0,"k":[251.338,656.207],"ix":2},"a":{"a":0,"k":[0,0],"ix":1},"s":{"a":0,"k":[100,100],"ix":3},"r":{"a":0,"k":0,"ix":6},"o":{"a":0,"k":100,"ix":7},"sk":{"a":0,"k":0,"ix":4},"sa":{"a":0,"k":0,"ix":5},"nm":"Transform"}],"nm":"Group 15","np":2,"cix":2,"bm":0,"ix":15,"mn":"ADBE Vector Group","hd":false},{"ty":"gr","it":[{"ind":0,"ty":"sh","ix":1,"ks":{"a":0,"k":{"i":[[-0.303,-0.256],[0.621,0.613],[-0.343,-0.318],[-0.007,-0.032]],"o":[[-0.661,-0.541],[0.326,0.319],[0.016,0.009],[0.279,0.239]],"v":[[0.963,0.856],[-0.963,-0.856],[0.024,0.099],[0.087,0.155]],"c":true},"ix":2},"nm":"Path 1","mn":"ADBE Vector Shape - Group","hd":false},{"ty":"fl","c":{"a":0,"k":[0.917999985639,0.725,0.603999956916,1],"ix":4},"o":{"a":0,"k":100,"ix":5},"r":1,"bm":0,"nm":"Fill 1","mn":"ADBE Vector Graphic - Fill","hd":false},{"ty":"tr","p":{"a":0,"k":[239.91,646.439],"ix":2},"a":{"a":0,"k":[0,0],"ix":1},"s":{"a":0,"k":[100,100],"ix":3},"r":{"a":0,"k":0,"ix":6},"o":{"a":0,"k":100,"ix":7},"sk":{"a":0,"k":0,"ix":4},"sa":{"a":0,"k":0,"ix":5},"nm":"Transform"}],"nm":"Group 16","np":2,"cix":2,"bm":0,"ix":16,"mn":"ADBE Vector Group","hd":false},{"ty":"gr","it":[{"ind":0,"ty":"sh","ix":1,"ks":{"a":0,"k":{"i":[[-0.183,-0.023],[0.191,0.032]],"o":[[-0.191,-0.023],[0.191,0.032]],"v":[[0.271,0.06],[-0.271,-0.06]],"c":true},"ix":2},"nm":"Path 1","mn":"ADBE Vector Shape - Group","hd":false},{"ty":"fl","c":{"a":0,"k":[0.917999985639,0.725,0.603999956916,1],"ix":4},"o":{"a":0,"k":100,"ix":5},"r":1,"bm":0,"nm":"Fill 1","mn":"ADBE Vector Graphic - Fill","hd":false},{"ty":"tr","p":{"a":0,"k":[274.21,672.956],"ix":2},"a":{"a":0,"k":[0,0],"ix":1},"s":{"a":0,"k":[100,100],"ix":3},"r":{"a":0,"k":0,"ix":6},"o":{"a":0,"k":100,"ix":7},"sk":{"a":0,"k":0,"ix":4},"sa":{"a":0,"k":0,"ix":5},"nm":"Transform"}],"nm":"Group 17","np":2,"cix":2,"bm":0,"ix":17,"mn":"ADBE Vector Group","hd":false},{"ty":"gr","it":[{"ind":0,"ty":"sh","ix":1,"ks":{"a":0,"k":{"i":[[0.327,4.242],[0,0],[0,0],[-1.457,-3.693],[-1.297,-2.125],[0.884,2.443]],"o":[[0,0],[0,0],[0.335,4.249],[0.891,2.459],[-1.282,-2.125],[-1.456,-3.685]],"v":[[-2.841,-7.517],[-3.152,-11.329],[-2.849,-7.533],[-0.167,4.461],[3.152,11.329],[-0.143,4.477]],"c":true},"ix":2},"nm":"Path 1","mn":"ADBE Vector Shape - Group","hd":false},{"ty":"fl","c":{"a":0,"k":[0.917999985639,0.725,0.603999956916,1],"ix":4},"o":{"a":0,"k":100,"ix":5},"r":1,"bm":0,"nm":"Fill 1","mn":"ADBE Vector Graphic - Fill","hd":false},{"ty":"tr","p":{"a":0,"k":[229.667,626.678],"ix":2},"a":{"a":0,"k":[0,0],"ix":1},"s":{"a":0,"k":[100,100],"ix":3},"r":{"a":0,"k":0,"ix":6},"o":{"a":0,"k":100,"ix":7},"sk":{"a":0,"k":0,"ix":4},"sa":{"a":0,"k":0,"ix":5},"nm":"Transform"}],"nm":"Group 18","np":2,"cix":2,"bm":0,"ix":18,"mn":"ADBE Vector Group","hd":false},{"ty":"gr","it":[{"ind":0,"ty":"sh","ix":1,"ks":{"a":0,"k":{"i":[[0,0],[-0.804,3.508],[0,0],[4.449,1.361],[0.955,0],[0.144,-0.08],[0,0]],"o":[[3.08,-0.82],[0,0],[1.027,-4.607],[-0.963,-0.278],[-0.128,0],[0,0],[0,0]],"v":[[-4.93,17.358],[1.492,10.498],[5.152,-6.112],[-1.167,-16.935],[-3.975,-17.357],[-4.461,-17.277],[-6.18,1.799]],"c":true},"ix":2},"nm":"Path 1","mn":"ADBE Vector Shape - Group","hd":false},{"ty":"fl","c":{"a":0,"k":[0.917999985639,0.725,0.603999956916,1],"ix":4},"o":{"a":0,"k":100,"ix":5},"r":1,"bm":0,"nm":"Fill 1","mn":"ADBE Vector Graphic - Fill","hd":false},{"ty":"tr","p":{"a":0,"k":[330.647,585.991],"ix":2},"a":{"a":0,"k":[0,0],"ix":1},"s":{"a":0,"k":[100,100],"ix":3},"r":{"a":0,"k":0,"ix":6},"o":{"a":0,"k":100,"ix":7},"sk":{"a":0,"k":0,"ix":4},"sa":{"a":0,"k":0,"ix":5},"nm":"Transform"}],"nm":"Group 19","np":2,"cix":2,"bm":0,"ix":19,"mn":"ADBE Vector Group","hd":false},{"ty":"gr","it":[{"ind":0,"ty":"sh","ix":1,"ks":{"a":0,"k":{"i":[[0,0],[0,0],[0,0],[-0.486,-0.056],[0,0],[0,0],[0,0],[6.789,0],[1.019,0.128],[0.103,0.008],[0.19,0.032],[1.424,1.552],[0,0],[0,0],[1.17,0.844],[0.477,0.39],[0.278,0.239],[0.016,0.009],[0,0]],"o":[[0,0],[0,0],[0.207,0],[0,0],[0,0],[0,0],[-2.476,3.573],[-1.074,-0.048],[-0.11,-0.015],[-0.184,-0.023],[-3.041,-0.454],[0,0],[0,0],[-1.211,-0.573],[-0.494,-0.374],[-0.304,-0.256],[-0.008,-0.032],[0,0],[0,0]],"v":[[-1.341,34.802],[38.1,4.697],[38.107,4.697],[39.191,4.807],[34.249,-34.729],[34.098,-34.547],[17.695,-13.616],[0.743,-8.046],[-2.401,-8.301],[-2.717,-8.324],[-3.259,-8.443],[-10.358,-11.412],[-16.852,-17.388],[-31.303,-30.703],[-34.869,-32.876],[-36.326,-34.045],[-37.201,-34.746],[-37.266,-34.802],[-39.191,5.731]],"c":true},"ix":2},"nm":"Path 1","mn":"ADBE Vector Shape - Group","hd":false},{"ty":"fl","c":{"a":0,"k":[0.870999983245,0.677999997606,0.556999954523,1],"ix":4},"o":{"a":0,"k":100,"ix":5},"r":1,"bm":0,"nm":"Fill 1","mn":"ADBE Vector Graphic - Fill","hd":false},{"ty":"tr","p":{"a":0,"k":[277.198,681.34],"ix":2},"a":{"a":0,"k":[0,0],"ix":1},"s":{"a":0,"k":[100,100],"ix":3},"r":{"a":0,"k":0,"ix":6},"o":{"a":0,"k":100,"ix":7},"sk":{"a":0,"k":0,"ix":4},"sa":{"a":0,"k":0,"ix":5},"nm":"Transform"}],"nm":"Group 20","np":2,"cix":2,"bm":0,"ix":20,"mn":"ADBE Vector Group","hd":false}],"ip":20,"op":620,"st":20,"bm":0},{"ddd":0,"ind":10,"ty":4,"nm":"Layer 14 Outlines","parent":7,"sr":1,"ks":{"o":{"a":0,"k":100,"ix":11},"r":{"a":1,"k":[{"i":{"x":[0.28],"y":[1]},"o":{"x":[0.704],"y":[0]},"t":0,"s":[-60]},{"t":50,"s":[0]}],"ix":10},"p":{"a":0,"k":[-79.678,118.173,0],"ix":2},"a":{"a":0,"k":[150.322,840.173,0],"ix":1},"s":{"a":1,"k":[{"i":{"x":[0.388,0.388,0.667],"y":[1,1,1]},"o":{"x":[0.669,0.669,0.333],"y":[0,0,0]},"t":0,"s":[0,0,100]},{"i":{"x":[0.32,0.32,0.667],"y":[1,1,1]},"o":{"x":[0.66,0.66,0.333],"y":[0,0,0]},"t":50,"s":[103,103,100]},{"t":70,"s":[100,100,100]}],"ix":6}},"ao":0,"shapes":[{"ty":"gr","it":[{"ind":0,"ty":"sh","ix":1,"ks":{"a":0,"k":{"i":[[0,0],[0,0],[0,0],[0,0]],"o":[[0,0],[0,0],[0,0],[0,0]],"v":[[-107.955,-180.01],[107.955,-180.01],[107.955,180.01],[-107.955,180.01]],"c":true},"ix":2},"nm":"Path 1","mn":"ADBE Vector Shape - Group","hd":false},{"ty":"fl","c":{"a":0,"k":[0.987999949736,0.885999971278,0.666999966491,1],"ix":4},"o":{"a":0,"k":100,"ix":5},"r":1,"bm":0,"nm":"Fill 1","mn":"ADBE Vector Graphic - Fill","hd":false},{"ty":"tr","p":{"a":0,"k":[271.257,639.965],"ix":2},"a":{"a":0,"k":[0,0],"ix":1},"s":{"a":0,"k":[100,100],"ix":3},"r":{"a":0,"k":0,"ix":6},"o":{"a":0,"k":100,"ix":7},"sk":{"a":0,"k":0,"ix":4},"sa":{"a":0,"k":0,"ix":5},"nm":"Transform"}],"nm":"Group 1","np":2,"cix":2,"bm":0,"ix":1,"mn":"ADBE Vector Group","hd":false},{"ty":"gr","it":[{"ind":0,"ty":"sh","ix":1,"ks":{"a":0,"k":{"i":[[0,5.643],[0,0],[-5.642,0],[0,0],[0,-5.635],[0,0],[5.634,0],[0,0]],"o":[[0,0],[0,-5.635],[0,0],[5.634,0],[0,0],[0,5.643],[0,0],[-5.642,0]],"v":[[-120.935,188.19],[-120.935,-188.199],[-110.685,-198.441],[110.685,-198.441],[120.935,-188.199],[120.935,188.19],[110.685,198.441],[-110.685,198.441]],"c":true},"ix":2},"nm":"Path 1","mn":"ADBE Vector Shape - Group","hd":false},{"ty":"fl","c":{"a":0,"k":[0.187999994615,0.187999994615,0.187999994615,1],"ix":4},"o":{"a":0,"k":100,"ix":5},"r":1,"bm":0,"nm":"Fill 1","mn":"ADBE Vector Graphic - Fill","hd":false},{"ty":"tr","p":{"a":0,"k":[271.257,641.732],"ix":2},"a":{"a":0,"k":[0,0],"ix":1},"s":{"a":0,"k":[100,100],"ix":3},"r":{"a":0,"k":0,"ix":6},"o":{"a":0,"k":100,"ix":7},"sk":{"a":0,"k":0,"ix":4},"sa":{"a":0,"k":0,"ix":5},"nm":"Transform"}],"nm":"Group 2","np":2,"cix":2,"bm":0,"ix":2,"mn":"ADBE Vector Group","hd":false}],"ip":0,"op":600,"st":0,"bm":0},{"ddd":0,"ind":11,"ty":4,"nm":"Layer 6 Outlines","parent":2,"sr":1,"ks":{"o":{"a":0,"k":100,"ix":11},"r":{"a":0,"k":0,"ix":10},"p":{"a":0,"k":[216.99,-119.507,0],"ix":2},"a":{"a":0,"k":[666.99,330.493,0],"ix":1},"s":{"a":1,"k":[{"i":{"x":[0.334,0.334,0.334],"y":[1,1,1]},"o":{"x":[0.653,0.653,0.653],"y":[0,0,0]},"t":100,"s":[0,100,100]},{"t":140,"s":[100,100,100]}],"ix":6}},"ao":0,"shapes":[{"ty":"gr","it":[{"ind":0,"ty":"sh","ix":1,"ks":{"a":0,"k":{"i":[[1.783,0],[0,0],[0,1.783],[0,0],[-1.759,0],[0,0],[0,-1.775],[0,0]],"o":[[0,0],[-1.759,0],[0,0],[0,-1.775],[0,0],[1.783,0],[0,0],[0,1.783]],"v":[[75.33,3.473],[-75.329,3.473],[-78.545,0.251],[-78.545,-0.242],[-75.329,-3.473],[75.33,-3.473],[78.545,-0.242],[78.545,0.251]],"c":true},"ix":2},"nm":"Path 1","mn":"ADBE Vector Shape - Group","hd":false},{"ty":"fl","c":{"a":0,"k":[1,1,1,1],"ix":4},"o":{"a":0,"k":100,"ix":5},"r":1,"bm":0,"nm":"Fill 1","mn":"ADBE Vector Graphic - Fill","hd":false},{"ty":"tr","p":{"a":0,"k":[666.99,330.493],"ix":2},"a":{"a":0,"k":[0,0],"ix":1},"s":{"a":0,"k":[100,100],"ix":3},"r":{"a":0,"k":0,"ix":6},"o":{"a":0,"k":100,"ix":7},"sk":{"a":0,"k":0,"ix":4},"sa":{"a":0,"k":0,"ix":5},"nm":"Transform"}],"nm":"Group 1","np":2,"cix":2,"bm":0,"ix":1,"mn":"ADBE Vector Group","hd":false}],"ip":40,"op":640,"st":40,"bm":0},{"ddd":0,"ind":12,"ty":4,"nm":"Layer 7 Outlines","parent":2,"sr":1,"ks":{"o":{"a":0,"k":100,"ix":11},"r":{"a":0,"k":0,"ix":10},"p":{"a":0,"k":[216.99,-150.091,0],"ix":2},"a":{"a":0,"k":[666.99,299.909,0],"ix":1},"s":{"a":1,"k":[{"i":{"x":[0.334,0.334,0.334],"y":[1,1,1]},"o":{"x":[0.653,0.653,0.653],"y":[0,0,0]},"t":100,"s":[0,100,100]},{"t":140,"s":[100,100,100]}],"ix":6}},"ao":0,"shapes":[{"ty":"gr","it":[{"ind":0,"ty":"sh","ix":1,"ks":{"a":0,"k":{"i":[[1.783,0],[0,0],[0,1.79],[0,0],[-1.759,0],[0,0],[0,-1.798],[0,0]],"o":[[0,0],[-1.759,0],[0,0],[0,-1.798],[0,0],[1.783,0],[0,0],[0,1.79]],"v":[[75.33,3.466],[-75.329,3.466],[-78.545,0.243],[-78.545,-0.243],[-75.329,-3.466],[75.33,-3.466],[78.545,-0.243],[78.545,0.243]],"c":true},"ix":2},"nm":"Path 1","mn":"ADBE Vector Shape - Group","hd":false},{"ty":"fl","c":{"a":0,"k":[1,1,1,1],"ix":4},"o":{"a":0,"k":100,"ix":5},"r":1,"bm":0,"nm":"Fill 1","mn":"ADBE Vector Graphic - Fill","hd":false},{"ty":"tr","p":{"a":0,"k":[666.99,299.909],"ix":2},"a":{"a":0,"k":[0,0],"ix":1},"s":{"a":0,"k":[100,100],"ix":3},"r":{"a":0,"k":0,"ix":6},"o":{"a":0,"k":100,"ix":7},"sk":{"a":0,"k":0,"ix":4},"sa":{"a":0,"k":0,"ix":5},"nm":"Transform"}],"nm":"Group 1","np":2,"cix":2,"bm":0,"ix":1,"mn":"ADBE Vector Group","hd":false}],"ip":40,"op":640,"st":40,"bm":0},{"ddd":0,"ind":13,"ty":4,"nm":"Layer 8 Outlines","parent":2,"sr":1,"ks":{"o":{"a":0,"k":100,"ix":11},"r":{"a":0,"k":0,"ix":10},"p":{"a":0,"k":[216.99,-180.676,0],"ix":2},"a":{"a":0,"k":[666.99,269.324,0],"ix":1},"s":{"a":1,"k":[{"i":{"x":[0.334,0.334,0.334],"y":[1,1,1]},"o":{"x":[0.653,0.653,0.653],"y":[0,0,0]},"t":100,"s":[0,100,100]},{"t":140,"s":[100,100,100]}],"ix":6}},"ao":0,"shapes":[{"ty":"gr","it":[{"ind":0,"ty":"sh","ix":1,"ks":{"a":0,"k":{"i":[[1.783,0],[0,0],[0,1.766],[0,0],[-1.759,0],[0,0],[0,-1.782],[0,0]],"o":[[0,0],[-1.759,0],[0,0],[0,-1.782],[0,0],[1.783,0],[0,0],[0,1.766]],"v":[[75.33,3.482],[-75.329,3.482],[-78.545,0.252],[-78.545,-0.242],[-75.329,-3.482],[75.33,-3.482],[78.545,-0.242],[78.545,0.252]],"c":true},"ix":2},"nm":"Path 1","mn":"ADBE Vector Shape - Group","hd":false},{"ty":"fl","c":{"a":0,"k":[1,1,1,1],"ix":4},"o":{"a":0,"k":100,"ix":5},"r":1,"bm":0,"nm":"Fill 1","mn":"ADBE Vector Graphic - Fill","hd":false},{"ty":"tr","p":{"a":0,"k":[666.99,269.324],"ix":2},"a":{"a":0,"k":[0,0],"ix":1},"s":{"a":0,"k":[100,100],"ix":3},"r":{"a":0,"k":0,"ix":6},"o":{"a":0,"k":100,"ix":7},"sk":{"a":0,"k":0,"ix":4},"sa":{"a":0,"k":0,"ix":5},"nm":"Transform"}],"nm":"Group 1","np":2,"cix":2,"bm":0,"ix":1,"mn":"ADBE Vector Group","hd":false}],"ip":40,"op":640,"st":40,"bm":0},{"ddd":0,"ind":14,"ty":4,"nm":"Layer 9 Outlines","parent":2,"sr":1,"ks":{"o":{"a":0,"k":100,"ix":11},"r":{"a":1,"k":[{"i":{"x":[0.28],"y":[1]},"o":{"x":[0.704],"y":[0]},"t":80,"s":[30]},{"t":120,"s":[0]}],"ix":10},"p":{"a":0,"k":[346.277,-29.455,0],"ix":2},"a":{"a":0,"k":[796.277,420.545,0],"ix":1},"s":{"a":1,"k":[{"i":{"x":[0.388,0.388,0.667],"y":[1,1,1]},"o":{"x":[0.669,0.669,0.333],"y":[0,0,0]},"t":80,"s":[0,0,100]},{"i":{"x":[0.32,0.32,0.667],"y":[1,1,1]},"o":{"x":[0.66,0.66,0.333],"y":[0,0,0]},"t":120,"s":[103,103,100]},{"t":140,"s":[100,100,100]}],"ix":6}},"ao":0,"shapes":[{"ty":"gr","it":[{"ind":0,"ty":"sh","ix":1,"ks":{"a":0,"k":{"i":[[0,0],[0,0],[0,4.417],[0,0],[11.627,0],[0,0],[0,-11.619],[0,0],[-11.612,0],[0,0]],"o":[[0,0],[2.331,-3.398],[0,0],[0,-11.619],[0,0],[-11.612,0],[0,0],[0,11.627],[0,0],[0,0]],"v":[[116.642,94.72],[95.44,41.104],[99.164,29.183],[99.164,-73.583],[78.028,-94.72],[-95.511,-94.72],[-116.641,-73.583],[-116.641,29.183],[-95.511,50.312],[62.867,50.312]],"c":true},"ix":2},"nm":"Path 1","mn":"ADBE Vector Shape - Group","hd":false},{"ty":"fl","c":{"a":0,"k":[0.991999966491,0.426999978458,0.375999989229,1],"ix":4},"o":{"a":0,"k":100,"ix":5},"r":1,"bm":0,"nm":"Fill 1","mn":"ADBE Vector Graphic - Fill","hd":false},{"ty":"tr","p":{"a":0,"k":[679.636,325.825],"ix":2},"a":{"a":0,"k":[0,0],"ix":1},"s":{"a":0,"k":[100,100],"ix":3},"r":{"a":0,"k":0,"ix":6},"o":{"a":0,"k":100,"ix":7},"sk":{"a":0,"k":0,"ix":4},"sa":{"a":0,"k":0,"ix":5},"nm":"Transform"}],"nm":"Group 1","np":2,"cix":2,"bm":0,"ix":1,"mn":"ADBE Vector Group","hd":false}],"ip":40,"op":640,"st":40,"bm":0},{"ddd":0,"ind":15,"ty":4,"nm":"Layer 12 Outlines","parent":2,"sr":1,"ks":{"o":{"a":0,"k":100,"ix":11},"r":{"a":0,"k":0,"ix":10},"p":{"a":0,"k":[123.674,-274.321,0],"ix":2},"a":{"a":0,"k":[573.674,175.679,0],"ix":1},"s":{"a":1,"k":[{"i":{"x":[0.375,0.375,0.667],"y":[1,1,1]},"o":{"x":[0.65,0.65,0.333],"y":[0,0,0]},"t":90,"s":[0,0,100]},{"i":{"x":[0.311,0.311,0.667],"y":[1,1,1]},"o":{"x":[0.684,0.684,0.333],"y":[0,0,0]},"t":130,"s":[103,103,100]},{"t":150,"s":[100,100,100]}],"ix":6}},"ao":0,"shapes":[{"ty":"gr","it":[{"ind":0,"ty":"sh","ix":1,"ks":{"a":0,"k":{"i":[[0,-8.762],[8.763,0],[0,8.754],[-8.745,0]],"o":[[0,8.754],[-8.745,0],[0,-8.762],[8.763,0]],"v":[[15.853,-0.004],[-0.001,15.865],[-15.853,-0.004],[-0.001,-15.865]],"c":true},"ix":2},"nm":"Path 1","mn":"ADBE Vector Shape - Group","hd":false},{"ty":"fl","c":{"a":0,"k":[0.969000004787,0.698000021542,0.246999987434,1],"ix":4},"o":{"a":0,"k":100,"ix":5},"r":1,"bm":0,"nm":"Fill 1","mn":"ADBE Vector Graphic - Fill","hd":false},{"ty":"tr","p":{"a":0,"k":[573.674,175.679],"ix":2},"a":{"a":0,"k":[0,0],"ix":1},"s":{"a":0,"k":[100,100],"ix":3},"r":{"a":0,"k":0,"ix":6},"o":{"a":0,"k":100,"ix":7},"sk":{"a":0,"k":0,"ix":4},"sa":{"a":0,"k":0,"ix":5},"nm":"Transform"}],"nm":"Group 1","np":2,"cix":2,"bm":0,"ix":1,"mn":"ADBE Vector Group","hd":false}],"ip":60,"op":660,"st":60,"bm":0},{"ddd":0,"ind":16,"ty":4,"nm":"Layer 15 Outlines","parent":2,"sr":1,"ks":{"o":{"a":0,"k":100,"ix":11},"r":{"a":0,"k":0,"ix":10},"p":{"a":1,"k":[{"i":{"x":0.28,"y":1},"o":{"x":0.704,"y":0},"t":80,"s":[-9.198,64.68,0],"to":[0,-36.667,0],"ti":[0,36.667,0]},{"t":130,"s":[-9.198,-155.32,0]}],"ix":2},"a":{"a":0,"k":[440.802,294.68,0],"ix":1},"s":{"a":0,"k":[100,100,100],"ix":6}},"ao":0,"hasMask":true,"masksProperties":[{"inv":false,"mode":"a","pt":{"a":1,"k":[{"i":{"x":0.28,"y":1},"o":{"x":0.704,"y":0},"t":80,"s":[{"i":[[0,0],[0,0],[0,0],[0,0]],"o":[[0,0],[0,0],[0,0],[0,0]],"v":[[1240,-569.25],[-286,-569.25],[-286,183.75],[1240,183.75]],"c":true}]},{"t":130,"s":[{"i":[[0,0],[0,0],[0,0],[0,0]],"o":[[0,0],[0,0],[0,0],[0,0]],"v":[[1240,-350],[-286,-350],[-286,403],[1240,403]],"c":true}]}],"ix":1},"o":{"a":0,"k":100,"ix":3},"x":{"a":0,"k":0,"ix":4},"nm":"Mask 1"}],"shapes":[{"ty":"gr","it":[{"ind":0,"ty":"sh","ix":1,"ks":{"a":0,"k":{"i":[[12.185,-27.671],[-32.948,-4.958],[-3.334,-9.94],[27.68,16.616]],"o":[[0,0],[32.923,4.982],[0,0],[-27.67,-16.594]],"v":[[-50.914,-12.718],[-10.246,10.513],[32.649,40.388],[23.234,-19.37]],"c":true},"ix":2},"nm":"Path 1","mn":"ADBE Vector Shape - Group","hd":false},{"ty":"fl","c":{"a":0,"k":[0.952999997606,0.666999966491,0.263000009574,1],"ix":4},"o":{"a":0,"k":100,"ix":5},"r":1,"bm":0,"nm":"Fill 1","mn":"ADBE Vector Graphic - Fill","hd":false},{"ty":"tr","p":{"a":0,"k":[449.242,240.074],"ix":2},"a":{"a":0,"k":[0,0],"ix":1},"s":{"a":0,"k":[100,100],"ix":3},"r":{"a":0,"k":0,"ix":6},"o":{"a":0,"k":100,"ix":7},"sk":{"a":0,"k":0,"ix":4},"sa":{"a":0,"k":0,"ix":5},"nm":"Transform"}],"nm":"Group 1","np":2,"cix":2,"bm":0,"ix":1,"mn":"ADBE Vector Group","hd":false},{"ty":"gr","it":[{"ind":0,"ty":"sh","ix":1,"ks":{"a":0,"k":{"i":[[0,-2.786],[20.868,-2.984],[0,27.886],[-0.128,0.867],[-12.479,8.31],[-3.987,0.915],[0,0],[-0.071,0],[-1.203,0.128],[-2.468,-0.859],[-2.451,-20.708]],"o":[[0,27.886],[-20.922,-2.984],[0,-0.867],[0.66,-19.459],[3.517,-2.395],[0,0],[0.055,-0.072],[1.194,-0.27],[2.586,0.239],[15.2,5.453],[0.358,2.729]],"v":[[37.345,-5.718],[0.155,58.562],[-37.345,-5.718],[-37.217,-8.375],[-15.379,-52.864],[-4.15,-57.836],[-3.887,-57.909],[-3.625,-57.981],[-0.035,-58.562],[7.533,-56.859],[36.803,-14.026]],"c":true},"ix":2},"nm":"Path 1","mn":"ADBE Vector Shape - Group","hd":false},{"ty":"fl","c":{"a":0,"k":[0.961000031116,0.769000004787,0.647000002394,1],"ix":4},"o":{"a":0,"k":100,"ix":5},"r":1,"bm":0,"nm":"Fill 1","mn":"ADBE Vector Graphic - Fill","hd":false},{"ty":"tr","p":{"a":0,"k":[440.018,271.234],"ix":2},"a":{"a":0,"k":[0,0],"ix":1},"s":{"a":0,"k":[100,100],"ix":3},"r":{"a":0,"k":0,"ix":6},"o":{"a":0,"k":100,"ix":7},"sk":{"a":0,"k":0,"ix":4},"sa":{"a":0,"k":0,"ix":5},"nm":"Transform"}],"nm":"Group 2","np":2,"cix":2,"bm":0,"ix":2,"mn":"ADBE Vector Group","hd":false},{"ty":"gr","it":[{"ind":0,"ty":"sh","ix":1,"ks":{"a":0,"k":{"i":[[0,-29.279],[22.307,0],[0.995,0.2],[0,27.886],[-20.914,2.038],[-1.059,0]],"o":[[0,29.223],[-1.067,0],[-20.923,-2.984],[0,-27.95],[1.003,-0.079],[22.331,0]],"v":[[40.396,-5.774],[0.167,58.769],[-2.897,58.506],[-40.397,-5.774],[-3.088,-58.618],[-0.048,-58.769]],"c":true},"ix":2},"nm":"Path 1","mn":"ADBE Vector Shape - Group","hd":false},{"ty":"fl","c":{"a":0,"k":[0.917999985639,0.725,0.603999956916,1],"ix":4},"o":{"a":0,"k":100,"ix":5},"r":1,"bm":0,"nm":"Fill 1","mn":"ADBE Vector Graphic - Fill","hd":false},{"ty":"tr","p":{"a":0,"k":[443.07,271.29],"ix":2},"a":{"a":0,"k":[0,0],"ix":1},"s":{"a":0,"k":[100,100],"ix":3},"r":{"a":0,"k":0,"ix":6},"o":{"a":0,"k":100,"ix":7},"sk":{"a":0,"k":0,"ix":4},"sa":{"a":0,"k":0,"ix":5},"nm":"Transform"}],"nm":"Group 3","np":2,"cix":2,"bm":0,"ix":3,"mn":"ADBE Vector Group","hd":false},{"ty":"gr","it":[{"ind":0,"ty":"sh","ix":1,"ks":{"a":0,"k":{"i":[[0,0],[0.964,9.973],[0.088,0.39],[8.078,0],[1.33,-0.326],[0,0],[5.396,5.451],[0,0],[11.755,-0.454],[0,0],[0.302,-0.072],[1.505,0],[1.05,-7.449],[0,-0.406],[0.485,-10.179]],"o":[[-0.461,-10.179],[0.072,-0.406],[-0.962,-7.449],[-1.456,0],[0,0],[-11.762,-0.454],[0,0],[-5.324,5.451],[0,0],[-0.334,0],[-1.4,-0.398],[-8.093,0],[-0.064,0.39],[-0.955,9.973],[0,0]],"v":[[88.091,26.632],[86.021,-3.634],[85.878,-4.747],[70.193,-17.958],[66.03,-17.441],[50.4,-17.441],[25.092,-26.632],[-21.424,-26.632],[-46.652,-17.441],[-64.868,-17.441],[-65.831,-17.368],[-70.177,-17.958],[-85.895,-4.747],[-86.021,-3.634],[-88.09,26.632]],"c":true},"ix":2},"nm":"Path 1","mn":"ADBE Vector Shape - Group","hd":false},{"ty":"fl","c":{"a":0,"k":[0.991999966491,0.426999978458,0.375999989229,1],"ix":4},"o":{"a":0,"k":100,"ix":5},"r":1,"bm":0,"nm":"Fill 1","mn":"ADBE Vector Graphic - Fill","hd":false},{"ty":"tr","p":{"a":0,"k":[440.802,370.563],"ix":2},"a":{"a":0,"k":[0,0],"ix":1},"s":{"a":0,"k":[100,100],"ix":3},"r":{"a":0,"k":0,"ix":6},"o":{"a":0,"k":100,"ix":7},"sk":{"a":0,"k":0,"ix":4},"sa":{"a":0,"k":0,"ix":5},"nm":"Transform"}],"nm":"Group 4","np":2,"cix":2,"bm":0,"ix":4,"mn":"ADBE Vector Group","hd":false},{"ty":"gr","it":[{"ind":0,"ty":"sh","ix":1,"ks":{"a":0,"k":{"i":[[0,0],[0,0],[9.136,0],[0,0],[5.396,5.451],[0.978,8.404],[0,0],[5.197,-5.133],[11.755,-0.454],[0,0],[0.302,-0.072],[0,-7.472],[0,0]],"o":[[0,0],[0,-7.75],[0,0],[-11.762,-0.454],[-5.101,-5.133],[0,0],[-0.995,8.404],[-5.324,5.451],[0,0],[-0.335,0],[-8.683,0.381],[0,0],[0,0]],"v":[[75.178,36.951],[83.296,6.995],[66.742,-7.122],[48.533,-7.122],[23.226,-16.314],[14.496,-36.951],[-14.481,-36.951],[-23.291,-16.314],[-48.519,-7.122],[-66.735,-7.122],[-67.698,-7.05],[-83.296,6.995],[-75.179,36.951]],"c":true},"ix":2},"nm":"Path 1","mn":"ADBE Vector Shape - Group","hd":false},{"ty":"fl","c":{"a":0,"k":[0.917999985639,0.725,0.603999956916,1],"ix":4},"o":{"a":0,"k":100,"ix":5},"r":1,"bm":0,"nm":"Fill 1","mn":"ADBE Vector Graphic - Fill","hd":false},{"ty":"tr","p":{"a":0,"k":[442.669,360.245],"ix":2},"a":{"a":0,"k":[0,0],"ix":1},"s":{"a":0,"k":[100,100],"ix":3},"r":{"a":0,"k":0,"ix":6},"o":{"a":0,"k":100,"ix":7},"sk":{"a":0,"k":0,"ix":4},"sa":{"a":0,"k":0,"ix":5},"nm":"Transform"}],"nm":"Group 5","np":2,"cix":2,"bm":0,"ix":5,"mn":"ADBE Vector Group","hd":false},{"ty":"gr","it":[{"ind":0,"ty":"sh","ix":1,"ks":{"a":0,"k":{"i":[[0,0],[0.964,9.973],[0.088,0.39],[8.078,0],[1.33,-0.326],[0,-7.035],[-0.574,-16.267]],"o":[[-0.461,-10.179],[0.072,-0.406],[-0.962,-7.449],[-1.456,0],[-6.748,1.711],[0,1.337],[0,0]],"v":[[16.9,22.295],[14.83,-7.971],[14.686,-9.084],[-0.999,-22.295],[-5.161,-21.778],[-16.9,-7.118],[-16.079,22.295]],"c":true},"ix":2},"nm":"Path 1","mn":"ADBE Vector Shape - Group","hd":false},{"ty":"fl","c":{"a":0,"k":[0.917999985639,0.725,0.603999956916,1],"ix":4},"o":{"a":0,"k":100,"ix":5},"r":1,"bm":0,"nm":"Fill 1","mn":"ADBE Vector Graphic - Fill","hd":false},{"ty":"tr","p":{"a":0,"k":[511.993,374.9],"ix":2},"a":{"a":0,"k":[0,0],"ix":1},"s":{"a":0,"k":[100,100],"ix":3},"r":{"a":0,"k":0,"ix":6},"o":{"a":0,"k":100,"ix":7},"sk":{"a":0,"k":0,"ix":4},"sa":{"a":0,"k":0,"ix":5},"nm":"Transform"}],"nm":"Group 6","np":2,"cix":2,"bm":0,"ix":6,"mn":"ADBE Vector Group","hd":false},{"ty":"gr","it":[{"ind":0,"ty":"sh","ix":1,"ks":{"a":0,"k":{"i":[[0,0],[0,1.329],[6.621,1.766],[1.504,0],[1.05,-7.449],[0,-0.406],[0.485,-10.179]],"o":[[0.557,-16.267],[0,-6.964],[-1.4,-0.398],[-8.094,0],[-0.064,0.39],[-0.955,9.973],[0,0]],"v":[[16.092,22.295],[16.911,-7.118],[5.348,-21.706],[1.003,-22.295],[-14.715,-9.084],[-14.842,-7.971],[-16.911,22.295]],"c":true},"ix":2},"nm":"Path 1","mn":"ADBE Vector Shape - Group","hd":false},{"ty":"fl","c":{"a":0,"k":[0.917999985639,0.725,0.603999956916,1],"ix":4},"o":{"a":0,"k":100,"ix":5},"r":1,"bm":0,"nm":"Fill 1","mn":"ADBE Vector Graphic - Fill","hd":false},{"ty":"tr","p":{"a":0,"k":[369.623,374.9],"ix":2},"a":{"a":0,"k":[0,0],"ix":1},"s":{"a":0,"k":[100,100],"ix":3},"r":{"a":0,"k":0,"ix":6},"o":{"a":0,"k":100,"ix":7},"sk":{"a":0,"k":0,"ix":4},"sa":{"a":0,"k":0,"ix":5},"nm":"Transform"}],"nm":"Group 7","np":2,"cix":2,"bm":0,"ix":7,"mn":"ADBE Vector Group","hd":false},{"ty":"gr","it":[{"ind":0,"ty":"sh","ix":1,"ks":{"a":0,"k":{"i":[[0,0],[52.795,-39.609],[0,0],[-5.603,24.353]],"o":[[0,0],[0,0],[0,0],[0,0]],"v":[[22.766,-47.305],[3.674,47.305],[-33.412,44.096],[-50.865,-5.499]],"c":true},"ix":2},"nm":"Path 1","mn":"ADBE Vector Shape - Group","hd":false},{"ty":"fl","c":{"a":0,"k":[0.936999990426,0.536999990426,0.226999993418,1],"ix":4},"o":{"a":0,"k":100,"ix":5},"r":1,"bm":0,"nm":"Fill 1","mn":"ADBE Vector Graphic - Fill","hd":false},{"ty":"tr","p":{"a":0,"k":[455.107,285.962],"ix":2},"a":{"a":0,"k":[0,0],"ix":1},"s":{"a":0,"k":[100,100],"ix":3},"r":{"a":0,"k":0,"ix":6},"o":{"a":0,"k":100,"ix":7},"sk":{"a":0,"k":0,"ix":4},"sa":{"a":0,"k":0,"ix":5},"nm":"Transform"}],"nm":"Group 8","np":2,"cix":2,"bm":0,"ix":8,"mn":"ADBE Vector Group","hd":false},{"ty":"gr","it":[{"ind":0,"ty":"sh","ix":1,"ks":{"a":0,"k":{"i":[[0,-43.699],[0,0],[0,43.708],[-36.529,0]],"o":[[0,43.708],[0,0],[0,-43.699],[36.521,0]],"v":[[66.122,4.802],[-0.003,74.319],[-66.121,4.802],[-0.003,-74.319]],"c":true},"ix":2},"nm":"Path 1","mn":"ADBE Vector Shape - Group","hd":false},{"ty":"fl","c":{"a":0,"k":[0.952999997606,0.666999966491,0.263000009574,1],"ix":4},"o":{"a":0,"k":100,"ix":5},"r":1,"bm":0,"nm":"Fill 1","mn":"ADBE Vector Graphic - Fill","hd":false},{"ty":"tr","p":{"a":0,"k":[443.074,266.484],"ix":2},"a":{"a":0,"k":[0,0],"ix":1},"s":{"a":0,"k":[100,100],"ix":3},"r":{"a":0,"k":0,"ix":6},"o":{"a":0,"k":100,"ix":7},"sk":{"a":0,"k":0,"ix":4},"sa":{"a":0,"k":0,"ix":5},"nm":"Transform"}],"nm":"Group 9","np":2,"cix":2,"bm":0,"ix":9,"mn":"ADBE Vector Group","hd":false}],"ip":80,"op":680,"st":80,"bm":0},{"ddd":0,"ind":17,"ty":4,"nm":"Layer 16 Outlines","parent":2,"sr":1,"ks":{"o":{"a":0,"k":100,"ix":11},"r":{"a":0,"k":0,"ix":10},"p":{"a":0,"k":[-9.206,-160.533,0],"ix":2},"a":{"a":0,"k":[440.794,289.467,0],"ix":1},"s":{"a":1,"k":[{"i":{"x":[0.375,0.375,0.667],"y":[1,1,1]},"o":{"x":[0.65,0.65,0.333],"y":[0,0,0]},"t":60,"s":[0,0,100]},{"i":{"x":[0.311,0.311,0.667],"y":[1,1,1]},"o":{"x":[0.684,0.684,0.333],"y":[0,0,0]},"t":100,"s":[103,103,100]},{"t":120,"s":[100,100,100]}],"ix":6}},"ao":0,"shapes":[{"ty":"gr","it":[{"ind":0,"ty":"sh","ix":1,"ks":{"a":0,"k":{"i":[[0,0],[0,0],[0,0],[0,0]],"o":[[0,0],[0,0],[0,0],[0,0]],"v":[[180.021,107.947],[-180.022,107.947],[-180.022,-107.947],[180.021,-107.947]],"c":true},"ix":2},"nm":"Path 1","mn":"ADBE Vector Shape - Group","hd":false},{"ty":"fl","c":{"a":0,"k":[0.773000021542,0.834999952129,0.838999968884,1],"ix":4},"o":{"a":0,"k":100,"ix":5},"r":1,"bm":0,"nm":"Fill 1","mn":"ADBE Vector Graphic - Fill","hd":false},{"ty":"tr","p":{"a":0,"k":[439.031,289.471],"ix":2},"a":{"a":0,"k":[0,0],"ix":1},"s":{"a":0,"k":[100,100],"ix":3},"r":{"a":0,"k":0,"ix":6},"o":{"a":0,"k":100,"ix":7},"sk":{"a":0,"k":0,"ix":4},"sa":{"a":0,"k":0,"ix":5},"nm":"Transform"}],"nm":"Group 1","np":2,"cix":2,"bm":0,"ix":1,"mn":"ADBE Vector Group","hd":false},{"ty":"gr","it":[{"ind":0,"ty":"sh","ix":1,"ks":{"a":0,"k":{"i":[[5.635,0],[0,0],[0,5.634],[0,0],[-5.635,0],[0,0],[0,-5.635],[0,0]],"o":[[0,0],[-5.635,0],[0,0],[0,-5.635],[0,0],[5.635,0],[0,0],[0,5.634]],"v":[[188.198,120.939],[-188.191,120.939],[-198.441,110.681],[-198.441,-110.689],[-188.191,-120.939],[188.198,-120.939],[198.441,-110.689],[198.441,110.681]],"c":true},"ix":2},"nm":"Path 1","mn":"ADBE Vector Shape - Group","hd":false},{"ty":"fl","c":{"a":0,"k":[0.187999994615,0.187999994615,0.187999994615,1],"ix":4},"o":{"a":0,"k":100,"ix":5},"r":1,"bm":0,"nm":"Fill 1","mn":"ADBE Vector Graphic - Fill","hd":false},{"ty":"tr","p":{"a":0,"k":[440.794,289.467],"ix":2},"a":{"a":0,"k":[0,0],"ix":1},"s":{"a":0,"k":[100,100],"ix":3},"r":{"a":0,"k":0,"ix":6},"o":{"a":0,"k":100,"ix":7},"sk":{"a":0,"k":0,"ix":4},"sa":{"a":0,"k":0,"ix":5},"nm":"Transform"}],"nm":"Group 2","np":2,"cix":2,"bm":0,"ix":2,"mn":"ADBE Vector Group","hd":false}],"ip":60,"op":660,"st":60,"bm":0},{"ddd":0,"ind":18,"ty":4,"nm":"Layer 10 Outlines","parent":2,"sr":1,"ks":{"o":{"a":0,"k":100,"ix":11},"r":{"a":0,"k":0,"ix":10},"p":{"a":0,"k":[319.27,1.607,0],"ix":2},"a":{"a":0,"k":[769.27,451.607,0],"ix":1},"s":{"a":1,"k":[{"i":{"x":[0.388,0.388,0.667],"y":[1,1,1]},"o":{"x":[0.669,0.669,0.333],"y":[0,0,0]},"t":70,"s":[0,0,100]},{"i":{"x":[0.32,0.32,0.667],"y":[1,1,1]},"o":{"x":[0.66,0.66,0.333],"y":[0,0,0]},"t":110,"s":[103,103,100]},{"t":130,"s":[100,100,100]}],"ix":6}},"ao":0,"shapes":[{"ty":"gr","it":[{"ind":0,"ty":"sh","ix":1,"ks":{"a":0,"k":{"i":[[0,-8.755],[8.754,0],[0,8.754],[-8.769,0]],"o":[[0,8.754],[-8.769,0],[0,-8.755],[8.754,0]],"v":[[15.858,0],[0.004,15.853],[-15.857,0],[0.004,-15.853]],"c":true},"ix":2},"nm":"Path 1","mn":"ADBE Vector Shape - Group","hd":false},{"ty":"fl","c":{"a":0,"k":[0.991999966491,0.426999978458,0.375999989229,1],"ix":4},"o":{"a":0,"k":100,"ix":5},"r":1,"bm":0,"nm":"Fill 1","mn":"ADBE Vector Graphic - Fill","hd":false},{"ty":"tr","p":{"a":0,"k":[769.27,451.607],"ix":2},"a":{"a":0,"k":[0,0],"ix":1},"s":{"a":0,"k":[100,100],"ix":3},"r":{"a":0,"k":0,"ix":6},"o":{"a":0,"k":100,"ix":7},"sk":{"a":0,"k":0,"ix":4},"sa":{"a":0,"k":0,"ix":5},"nm":"Transform"}],"nm":"Group 1","np":2,"cix":2,"bm":0,"ix":1,"mn":"ADBE Vector Group","hd":false}],"ip":40,"op":640,"st":40,"bm":0},{"ddd":0,"ind":19,"ty":4,"nm":"Layer 17 Outlines","parent":2,"sr":1,"ks":{"o":{"a":0,"k":100,"ix":11},"r":{"a":0,"k":0,"ix":10},"p":{"a":1,"k":[{"i":{"x":0.28,"y":1},"o":{"x":0.704,"y":0},"t":60,"s":[200.118,358.463,0],"to":[0,-40,0],"ti":[0,40,0]},{"t":120,"s":[200.118,118.463,0]}],"ix":2},"a":{"a":0,"k":[650.118,568.463,0],"ix":1},"s":{"a":0,"k":[100,100,100],"ix":6}},"ao":0,"hasMask":true,"masksProperties":[{"inv":false,"mode":"a","pt":{"a":1,"k":[{"i":{"x":0.28,"y":1},"o":{"x":0.704,"y":0},"t":60,"s":[{"i":[[0,0],[0,0],[0,0],[0,0]],"o":[[0,0],[0,0],[0,0],[0,0]],"v":[[1156,-262],[-40,-262],[-40,438],[1156,438]],"c":true}]},{"t":120,"s":[{"i":[[0,0],[0,0],[0,0],[0,0]],"o":[[0,0],[0,0],[0,0],[0,0]],"v":[[1156,-22],[-40,-22],[-40,678],[1156,678]],"c":true}]}],"ix":1},"o":{"a":0,"k":100,"ix":3},"x":{"a":0,"k":0,"ix":4},"nm":"Mask 1"}],"shapes":[{"ty":"gr","it":[{"ind":0,"ty":"sh","ix":1,"ks":{"a":0,"k":{"i":[[0,0],[0,0],[0,0],[0,0],[0,0]],"o":[[0,0],[0,0],[0,0],[0,0],[0,0]],"v":[[20.676,19.995],[30.513,5.503],[1.448,-19.995],[-30.513,-14.107],[7.974,19.995]],"c":true},"ix":2},"nm":"Path 1","mn":"ADBE Vector Shape - Group","hd":false},{"ty":"fl","c":{"a":0,"k":[1,1,1,1],"ix":4},"o":{"a":0,"k":100,"ix":5},"r":1,"bm":0,"nm":"Fill 1","mn":"ADBE Vector Graphic - Fill","hd":false},{"ty":"tr","p":{"a":0,"k":[614.732,652.177],"ix":2},"a":{"a":0,"k":[0,0],"ix":1},"s":{"a":0,"k":[100,100],"ix":3},"r":{"a":0,"k":0,"ix":6},"o":{"a":0,"k":100,"ix":7},"sk":{"a":0,"k":0,"ix":4},"sa":{"a":0,"k":0,"ix":5},"nm":"Transform"}],"nm":"Group 1","np":2,"cix":2,"bm":0,"ix":1,"mn":"ADBE Vector Group","hd":false},{"ty":"gr","it":[{"ind":0,"ty":"sh","ix":1,"ks":{"a":0,"k":{"i":[[0,0],[0,0],[0,0],[0,0],[0,0]],"o":[[0,0],[0,0],[0,0],[0,0],[0,0]],"v":[[-7.975,19.995],[30.512,-14.107],[-1.465,-19.995],[-30.512,5.503],[-20.684,19.995]],"c":true},"ix":2},"nm":"Path 1","mn":"ADBE Vector Shape - Group","hd":false},{"ty":"fl","c":{"a":0,"k":[1,1,1,1],"ix":4},"o":{"a":0,"k":100,"ix":5},"r":1,"bm":0,"nm":"Fill 1","mn":"ADBE Vector Graphic - Fill","hd":false},{"ty":"tr","p":{"a":0,"k":[685.29,652.177],"ix":2},"a":{"a":0,"k":[0,0],"ix":1},"s":{"a":0,"k":[100,100],"ix":3},"r":{"a":0,"k":0,"ix":6},"o":{"a":0,"k":100,"ix":7},"sk":{"a":0,"k":0,"ix":4},"sa":{"a":0,"k":0,"ix":5},"nm":"Transform"}],"nm":"Group 2","np":2,"cix":2,"bm":0,"ix":2,"mn":"ADBE Vector Group","hd":false},{"ty":"gr","it":[{"ind":0,"ty":"sh","ix":1,"ks":{"a":0,"k":{"i":[[0,0],[0,1.249],[0,0],[4.432,0],[0,0],[0,-4.441],[0,0],[-0.502,-1.059]],"o":[[0.509,-1.059],[0,0],[0,-4.441],[0,0],[-4.44,0],[0,0],[0,1.249],[0,0]],"v":[[9.244,6.959],[10.071,3.467],[10.071,1.119],[2.002,-6.959],[-2.01,-6.959],[-10.071,1.119],[-10.071,3.467],[-9.243,6.959]],"c":true},"ix":2},"nm":"Path 1","mn":"ADBE Vector Shape - Group","hd":false},{"ty":"fl","c":{"a":0,"k":[0.149000010771,0.20800000359,0.211999990426,1],"ix":4},"o":{"a":0,"k":100,"ix":5},"r":1,"bm":0,"nm":"Fill 1","mn":"ADBE Vector Graphic - Fill","hd":false},{"ty":"tr","p":{"a":0,"k":[649.808,665.212],"ix":2},"a":{"a":0,"k":[0,0],"ix":1},"s":{"a":0,"k":[100,100],"ix":3},"r":{"a":0,"k":0,"ix":6},"o":{"a":0,"k":100,"ix":7},"sk":{"a":0,"k":0,"ix":4},"sa":{"a":0,"k":0,"ix":5},"nm":"Transform"}],"nm":"Group 3","np":2,"cix":2,"bm":0,"ix":3,"mn":"ADBE Vector Group","hd":false},{"ty":"gr","it":[{"ind":0,"ty":"sh","ix":1,"ks":{"a":0,"k":{"i":[[-0.159,-0.884],[-0.144,-0.565],[0,0],[-0.113,0.485],[0,0.113],[9.39,3.955],[4.02,0],[0,0],[0,0],[3.343,-0.66],[-1.051,-10.449]],"o":[[0.128,0.564],[0,0],[0.111,-0.478],[0,-0.119],[2.349,-10.225],[-1.002,-0.438],[0,0],[0,0],[-3.414,0],[-10.473,2.546],[0.063,0.891]],"v":[[-116.578,18.268],[-116.147,19.995],[115.297,19.995],[115.64,18.554],[115.694,18.211],[103.232,-6.188],[33.66,-19.996],[3.268,13.262],[-34.376,-19.996],[-100.804,-7.31],[-116.991,15.61]],"c":true},"ix":2},"nm":"Path 1","mn":"ADBE Vector Shape - Group","hd":false},{"ty":"fl","c":{"a":0,"k":[0.877999997606,0.877999997606,0.877999997606,1],"ix":4},"o":{"a":0,"k":100,"ix":5},"r":1,"bm":0,"nm":"Fill 1","mn":"ADBE Vector Graphic - Fill","hd":false},{"ty":"tr","p":{"a":0,"k":[650.556,652.177],"ix":2},"a":{"a":0,"k":[0,0],"ix":1},"s":{"a":0,"k":[100,100],"ix":3},"r":{"a":0,"k":0,"ix":6},"o":{"a":0,"k":100,"ix":7},"sk":{"a":0,"k":0,"ix":4},"sa":{"a":0,"k":0,"ix":5},"nm":"Transform"}],"nm":"Group 4","np":2,"cix":2,"bm":0,"ix":4,"mn":"ADBE Vector Group","hd":false},{"ty":"gr","it":[{"ind":0,"ty":"sh","ix":1,"ks":{"a":0,"k":{"i":[[0,0],[0,0],[8.786,-4.553],[0,0],[0,0],[0,0],[0,0],[0,0],[0,0]],"o":[[0,0],[0.295,11.571],[0,0],[0,0],[0,0],[0,0],[0,0],[0,0],[0,0]],"v":[[37.265,-33.994],[37.893,-8.885],[23.362,17.409],[23.322,17.464],[-22.447,28.232],[-32.92,43.615],[-38.188,5.805],[-25.471,-33.214],[26.592,-43.615]],"c":true},"ix":2},"nm":"Path 1","mn":"ADBE Vector Shape - Group","hd":false},{"ty":"fl","c":{"a":0,"k":[0.972999961703,0.745000023935,0.286000001197,1],"ix":4},"o":{"a":0,"k":100,"ix":5},"r":1,"bm":0,"nm":"Fill 1","mn":"ADBE Vector Graphic - Fill","hd":false},{"ty":"tr","p":{"a":0,"k":[642.033,508.369],"ix":2},"a":{"a":0,"k":[0,0],"ix":1},"s":{"a":0,"k":[100,100],"ix":3},"r":{"a":0,"k":0,"ix":6},"o":{"a":0,"k":100,"ix":7},"sk":{"a":0,"k":0,"ix":4},"sa":{"a":0,"k":0,"ix":5},"nm":"Transform"}],"nm":"Group 5","np":2,"cix":2,"bm":0,"ix":5,"mn":"ADBE Vector Group","hd":false},{"ty":"gr","it":[{"ind":0,"ty":"sh","ix":1,"ks":{"a":0,"k":{"i":[[0,0],[0,0],[0,0],[0,0],[0,0],[0,0],[0,0],[0,0],[0,0],[0,0],[0,0],[0,0],[0,0]],"o":[[0,0],[0,0],[0,0],[0,0],[0,0],[0,0],[0,0],[0,0],[0,0],[0,0],[0,0],[0,0],[0,0]],"v":[[46.915,14.576],[39.593,42.979],[29.581,8.106],[24.312,15.141],[14.635,17.409],[14.596,17.466],[-31.173,28.232],[-41.646,43.615],[-46.914,5.805],[-34.197,-33.214],[17.866,-43.615],[28.539,-33.993],[42.951,-21.029]],"c":true},"ix":2},"nm":"Path 1","mn":"ADBE Vector Shape - Group","hd":false},{"ty":"fl","c":{"a":0,"k":[0.969000004787,0.698000021542,0.246999987434,1],"ix":4},"o":{"a":0,"k":100,"ix":5},"r":1,"bm":0,"nm":"Fill 1","mn":"ADBE Vector Graphic - Fill","hd":false},{"ty":"tr","p":{"a":0,"k":[650.759,508.369],"ix":2},"a":{"a":0,"k":[0,0],"ix":1},"s":{"a":0,"k":[100,100],"ix":3},"r":{"a":0,"k":0,"ix":6},"o":{"a":0,"k":100,"ix":7},"sk":{"a":0,"k":0,"ix":4},"sa":{"a":0,"k":0,"ix":5},"nm":"Transform"}],"nm":"Group 6","np":2,"cix":2,"bm":0,"ix":6,"mn":"ADBE Vector Group","hd":false},{"ty":"gr","it":[{"ind":0,"ty":"sh","ix":1,"ks":{"a":0,"k":{"i":[[3.732,-1.56],[0,0],[1.513,4.48],[0,0],[-3.725,1.584],[-1.48,-4.473],[0,0]],"o":[[0,0],[-4.338,1.847],[0,0],[-1.289,-3.836],[4.361,-1.847],[0,0],[1.274,3.836]],"v":[[5.404,14.229],[5.404,14.229],[-5.238,9.438],[-9.845,-4.385],[-5.42,-14.229],[5.212,-9.43],[9.859,4.401]],"c":true},"ix":2},"nm":"Path 1","mn":"ADBE Vector Shape - Group","hd":false},{"ty":"fl","c":{"a":0,"k":[0.957000014361,0.791999966491,0.685999971278,1],"ix":4},"o":{"a":0,"k":100,"ix":5},"r":1,"bm":0,"nm":"Fill 1","mn":"ADBE Vector Graphic - Fill","hd":false},{"ty":"tr","p":{"a":0,"k":[608.532,544.496],"ix":2},"a":{"a":0,"k":[0,0],"ix":1},"s":{"a":0,"k":[100,100],"ix":3},"r":{"a":0,"k":0,"ix":6},"o":{"a":0,"k":100,"ix":7},"sk":{"a":0,"k":0,"ix":4},"sa":{"a":0,"k":0,"ix":5},"nm":"Transform"}],"nm":"Group 7","np":2,"cix":2,"bm":0,"ix":7,"mn":"ADBE Vector Group","hd":false},{"ty":"gr","it":[{"ind":0,"ty":"sh","ix":1,"ks":{"a":0,"k":{"i":[[-0.39,-15.463],[0,0],[2.101,-4.958],[17.517,-17.588],[5.3,-0.597],[1.823,1.703],[5.698,11.715],[0.112,4.106],[0,0],[-13.639,0.342],[0,0]],"o":[[0,0],[0.111,4.09],[-5.109,11.985],[-1.79,1.783],[-5.301,-0.327],[-18.368,-16.681],[-2.363,-4.831],[0,0],[-0.397,-15.447],[0,0],[13.648,-0.349]],"v":[[37.161,-34.945],[38.427,15.51],[35.745,29.182],[13.119,58.755],[1.954,62.752],[-9.395,59.313],[-33.461,30.917],[-36.891,17.389],[-38.141,-33.068],[-14.059,-61.781],[11.671,-62.403]],"c":true},"ix":2},"nm":"Path 1","mn":"ADBE Vector Shape - Group","hd":false},{"ty":"fl","c":{"a":0,"k":[0.957000014361,0.791999966491,0.685999971278,1],"ix":4},"o":{"a":0,"k":100,"ix":5},"r":1,"bm":0,"nm":"Fill 1","mn":"ADBE Vector Graphic - Fill","hd":false},{"ty":"tr","p":{"a":0,"k":[646.394,550.656],"ix":2},"a":{"a":0,"k":[0,0],"ix":1},"s":{"a":0,"k":[100,100],"ix":3},"r":{"a":0,"k":0,"ix":6},"o":{"a":0,"k":100,"ix":7},"sk":{"a":0,"k":0,"ix":4},"sa":{"a":0,"k":0,"ix":5},"nm":"Transform"}],"nm":"Group 8","np":2,"cix":2,"bm":0,"ix":8,"mn":"ADBE Vector Group","hd":false},{"ty":"gr","it":[{"ind":0,"ty":"sh","ix":1,"ks":{"a":0,"k":{"i":[[-0.374,-15.456],[0,0],[2.109,-4.958],[17.54,-17.602],[6.781,-0.08],[1.059,0.031],[1.823,1.703],[5.698,11.715],[0.112,4.106],[0,0],[-13.639,0.343],[0,0]],"o":[[0,0],[0.111,4.106],[-5.102,11.985],[-2.069,2.11],[-1.145,0.017],[-5.301,-0.327],[-18.368,-16.681],[-2.363,-4.831],[0,0],[-0.397,-15.448],[0,0],[13.633,-0.343]],"v":[[40.432,-35.048],[41.698,15.416],[38.976,29.097],[16.334,58.684],[1.969,62.807],[-1.317,62.824],[-12.666,59.386],[-36.732,30.99],[-40.162,17.462],[-41.412,-32.995],[-17.33,-61.709],[14.942,-62.512]],"c":true},"ix":2},"nm":"Path 1","mn":"ADBE Vector Shape - Group","hd":false},{"ty":"fl","c":{"a":0,"k":[0.917999985639,0.725,0.603999956916,1],"ix":4},"o":{"a":0,"k":100,"ix":5},"r":1,"bm":0,"nm":"Fill 1","mn":"ADBE Vector Graphic - Fill","hd":false},{"ty":"tr","p":{"a":0,"k":[649.665,550.584],"ix":2},"a":{"a":0,"k":[0,0],"ix":1},"s":{"a":0,"k":[100,100],"ix":3},"r":{"a":0,"k":0,"ix":6},"o":{"a":0,"k":100,"ix":7},"sk":{"a":0,"k":0,"ix":4},"sa":{"a":0,"k":0,"ix":5},"nm":"Transform"}],"nm":"Group 9","np":2,"cix":2,"bm":0,"ix":9,"mn":"ADBE Vector Group","hd":false},{"ty":"gr","it":[{"ind":0,"ty":"sh","ix":1,"ks":{"a":0,"k":{"i":[[-3.787,-1.378],[0,0],[-1.289,4.553],[0,0],[3.797,1.393],[1.273,-4.559],[0,0]],"o":[[0,0],[4.434,1.623],[0,0],[1.09,-3.884],[-4.44,-1.615],[0,0],[-1.09,3.891]],"v":[[-4.692,14.484],[-4.692,14.484],[5.694,9.151],[9.618,-4.895],[4.683,-14.493],[-5.694,-9.161],[-9.618,4.878]],"c":true},"ix":2},"nm":"Path 1","mn":"ADBE Vector Shape - Group","hd":false},{"ty":"fl","c":{"a":0,"k":[0.917999985639,0.725,0.603999956916,1],"ix":4},"o":{"a":0,"k":100,"ix":5},"r":1,"bm":0,"nm":"Fill 1","mn":"ADBE Vector Graphic - Fill","hd":false},{"ty":"tr","p":{"a":0,"k":[690.761,542.443],"ix":2},"a":{"a":0,"k":[0,0],"ix":1},"s":{"a":0,"k":[100,100],"ix":3},"r":{"a":0,"k":0,"ix":6},"o":{"a":0,"k":100,"ix":7},"sk":{"a":0,"k":0,"ix":4},"sa":{"a":0,"k":0,"ix":5},"nm":"Transform"}],"nm":"Group 10","np":2,"cix":2,"bm":0,"ix":10,"mn":"ADBE Vector Group","hd":false},{"ty":"gr","it":[{"ind":0,"ty":"sh","ix":1,"ks":{"a":0,"k":{"i":[[0,0],[0,0],[0,0],[0,0]],"o":[[0,0],[0,0],[0,0],[0,0]],"v":[[30.683,35.438],[-30.683,35.438],[-30.683,-35.439],[30.683,-35.439]],"c":true},"ix":2},"nm":"Path 1","mn":"ADBE Vector Shape - Group","hd":false},{"ty":"fl","c":{"a":0,"k":[0.870999983245,0.677999997606,0.556999954523,1],"ix":4},"o":{"a":0,"k":100,"ix":5},"r":1,"bm":0,"nm":"Fill 1","mn":"ADBE Vector Graphic - Fill","hd":false},{"ty":"tr","p":{"a":0,"k":[651.32,623.404],"ix":2},"a":{"a":0,"k":[0,0],"ix":1},"s":{"a":0,"k":[100,100],"ix":3},"r":{"a":0,"k":0,"ix":6},"o":{"a":0,"k":100,"ix":7},"sk":{"a":0,"k":0,"ix":4},"sa":{"a":0,"k":0,"ix":5},"nm":"Transform"}],"nm":"Group 11","np":2,"cix":2,"bm":0,"ix":11,"mn":"ADBE Vector Group","hd":false},{"ty":"gr","it":[{"ind":0,"ty":"sh","ix":1,"ks":{"a":0,"k":{"i":[[0,0],[0.326,0.334],[0,0],[1.982,-5.913],[0,0]],"o":[[-0.915,-0.892],[0,0],[-4.354,-4.433],[0,0],[0,0]],"v":[[16.856,10.803],[14.898,8.91],[-0.143,-6.37],[-14.015,-3.163],[-16.856,10.803]],"c":true},"ix":2},"nm":"Path 1","mn":"ADBE Vector Shape - Group","hd":false},{"ty":"fl","c":{"a":0,"k":[0.816000007181,0.816000007181,0.816000007181,1],"ix":4},"o":{"a":0,"k":100,"ix":5},"r":1,"bm":0,"nm":"Fill 1","mn":"ADBE Vector Graphic - Fill","hd":false},{"ty":"tr","p":{"a":0,"k":[548.303,661.368],"ix":2},"a":{"a":0,"k":[0,0],"ix":1},"s":{"a":0,"k":[100,100],"ix":3},"r":{"a":0,"k":0,"ix":6},"o":{"a":0,"k":100,"ix":7},"sk":{"a":0,"k":0,"ix":4},"sa":{"a":0,"k":0,"ix":5},"nm":"Transform"}],"nm":"Group 12","np":2,"cix":2,"bm":0,"ix":12,"mn":"ADBE Vector Group","hd":false},{"ty":"gr","it":[{"ind":0,"ty":"sh","ix":1,"ks":{"a":0,"k":{"i":[[0,0],[0,0],[9.105,3.693],[0,0]],"o":[[0,0],[-1.95,-6.676],[0,0],[0,0]],"v":[[13.115,13.155],[11.834,1.058],[-2.404,-13.155],[-13.115,13.155]],"c":true},"ix":2},"nm":"Path 1","mn":"ADBE Vector Shape - Group","hd":false},{"ty":"fl","c":{"a":0,"k":[0.877999997606,0.877999997606,0.877999997606,1],"ix":4},"o":{"a":0,"k":100,"ix":5},"r":1,"bm":0,"nm":"Fill 1","mn":"ADBE Vector Graphic - Fill","hd":false},{"ty":"tr","p":{"a":0,"k":[755.674,659.017],"ix":2},"a":{"a":0,"k":[0,0],"ix":1},"s":{"a":0,"k":[100,100],"ix":3},"r":{"a":0,"k":0,"ix":6},"o":{"a":0,"k":100,"ix":7},"sk":{"a":0,"k":0,"ix":4},"sa":{"a":0,"k":0,"ix":5},"nm":"Transform"}],"nm":"Group 13","np":2,"cix":2,"bm":0,"ix":13,"mn":"ADBE Vector Group","hd":false}],"ip":60,"op":660,"st":60,"bm":0},{"ddd":0,"ind":20,"ty":4,"nm":"Layer 18 Outlines","parent":2,"sr":1,"ks":{"o":{"a":0,"k":100,"ix":11},"r":{"a":0,"k":0,"ix":10},"p":{"a":0,"k":[201.881,114.229,0],"ix":2},"a":{"a":0,"k":[651.881,564.229,0],"ix":1},"s":{"a":1,"k":[{"i":{"x":[0.388,0.388,0.667],"y":[1,1,1]},"o":{"x":[0.669,0.669,0.333],"y":[0,0,0]},"t":40,"s":[0,0,100]},{"i":{"x":[0.32,0.32,0.667],"y":[1,1,1]},"o":{"x":[0.66,0.66,0.333],"y":[0,0,0]},"t":80,"s":[103,103,100]},{"t":100,"s":[100,100,100]}],"ix":6}},"ao":0,"shapes":[{"ty":"gr","it":[{"ind":0,"ty":"sh","ix":1,"ks":{"a":0,"k":{"i":[[0,0],[0,0],[0,0],[0,0]],"o":[[0,0],[0,0],[0,0],[0,0]],"v":[[180.014,107.947],[-180.014,107.947],[-180.014,-107.947],[180.014,-107.947]],"c":true},"ix":2},"nm":"Path 1","mn":"ADBE Vector Shape - Group","hd":false},{"ty":"fl","c":{"a":0,"k":[0.33300000359,0.395999983245,0.4,1],"ix":4},"o":{"a":0,"k":100,"ix":5},"r":1,"bm":0,"nm":"Fill 1","mn":"ADBE Vector Graphic - Fill","hd":false},{"ty":"tr","p":{"a":0,"k":[650.119,564.225],"ix":2},"a":{"a":0,"k":[0,0],"ix":1},"s":{"a":0,"k":[100,100],"ix":3},"r":{"a":0,"k":0,"ix":6},"o":{"a":0,"k":100,"ix":7},"sk":{"a":0,"k":0,"ix":4},"sa":{"a":0,"k":0,"ix":5},"nm":"Transform"}],"nm":"Group 1","np":2,"cix":2,"bm":0,"ix":1,"mn":"ADBE Vector Group","hd":false},{"ty":"gr","it":[{"ind":0,"ty":"sh","ix":1,"ks":{"a":0,"k":{"i":[[5.65,0],[0,0],[0,5.635],[0,0],[-5.642,0],[0,0],[0,-5.635],[0,0]],"o":[[0,0],[-5.642,0],[0,0],[0,-5.635],[0,0],[5.65,0],[0,0],[0,5.635]],"v":[[188.191,120.938],[-188.184,120.938],[-198.442,110.68],[-198.442,-110.696],[-188.184,-120.938],[188.191,-120.938],[198.441,-110.696],[198.441,110.68]],"c":true},"ix":2},"nm":"Path 1","mn":"ADBE Vector Shape - Group","hd":false},{"ty":"fl","c":{"a":0,"k":[0.187999994615,0.187999994615,0.187999994615,1],"ix":4},"o":{"a":0,"k":100,"ix":5},"r":1,"bm":0,"nm":"Fill 1","mn":"ADBE Vector Graphic - Fill","hd":false},{"ty":"tr","p":{"a":0,"k":[651.881,564.229],"ix":2},"a":{"a":0,"k":[0,0],"ix":1},"s":{"a":0,"k":[100,100],"ix":3},"r":{"a":0,"k":0,"ix":6},"o":{"a":0,"k":100,"ix":7},"sk":{"a":0,"k":0,"ix":4},"sa":{"a":0,"k":0,"ix":5},"nm":"Transform"}],"nm":"Group 2","np":2,"cix":2,"bm":0,"ix":2,"mn":"ADBE Vector Group","hd":false}],"ip":40,"op":640,"st":40,"bm":0}],"markers":[]}