{"v":"5.7.5","fr":60,"ip":0,"op":150,"w":500,"h":500,"nm":"Comp 1","ddd":0,"assets":[],"layers":[{"ddd":0,"ind":1,"ty":4,"nm":"Oops Outlines","sr":1,"ks":{"o":{"a":0,"k":100,"ix":11},"r":{"a":0,"k":0,"ix":10},"p":{"a":1,"k":[{"i":{"x":0.667,"y":1},"o":{"x":0.333,"y":0},"t":100,"s":[139.673,270.681,0],"to":[-4.667,0,0],"ti":[-8.667,0,0]},{"i":{"x":0.667,"y":1},"o":{"x":0.333,"y":0},"t":105,"s":[111.673,270.681,0],"to":[8.667,0,0],"ti":[-0.167,0,0]},{"i":{"x":0.667,"y":1},"o":{"x":0.333,"y":0},"t":110,"s":[191.673,270.681,0],"to":[0.167,0,0],"ti":[-0.167,0,0]},{"i":{"x":0.667,"y":1},"o":{"x":0.333,"y":0},"t":115,"s":[112.673,270.681,0],"to":[0.167,0,0],"ti":[0,0,0]},{"i":{"x":0.667,"y":1},"o":{"x":0.333,"y":0},"t":120,"s":[192.673,270.681,0],"to":[0,0,0],"ti":[0.5,0,0]},{"i":{"x":0.667,"y":1},"o":{"x":0.333,"y":0},"t":125,"s":[112.673,270.681,0],"to":[-0.5,0,0],"ti":[-6.667,0,0]},{"i":{"x":0.667,"y":1},"o":{"x":0.333,"y":0},"t":130,"s":[189.673,270.681,0],"to":[6.667,0,0],"ti":[6.167,0,0]},{"t":135,"s":[152.673,270.681,0]}],"ix":2,"l":2},"a":{"a":0,"k":[0,0,0],"ix":1,"l":2},"s":{"a":0,"k":[243.772,243.772,100],"ix":6,"l":2}},"ao":0,"shapes":[{"ty":"gr","it":[{"ind":0,"ty":"sh","ix":1,"ks":{"a":0,"k":{"i":[[0,3.222],[-3.222,0],[0,-3.222],[3.194,0]],"o":[[0,-3.222],[3.194,0],[0,3.222],[-3.222,0]],"v":[[6.78,-14.157],[12.468,-20.013],[18.184,-14.157],[12.468,-8.329]],"c":true},"ix":2},"nm":"O","mn":"ADBE Vector Shape - Group","hd":false},{"ind":1,"ty":"sh","ix":2,"ks":{"a":0,"k":{"i":[[0,-7.07],[-7.07,0],[0,7.033],[7.106,0]],"o":[[0,7.033],[7.106,0],[0,-7.07],[-7.07,0]],"v":[[1.486,-12.435],[14.139,0.363],[26.829,-12.435],[14.139,-25.27]],"c":true},"ix":2},"nm":"O","mn":"ADBE Vector Shape - Group","hd":false},{"ty":"mm","mm":1,"nm":"Merge Paths 1","mn":"ADBE Vector Filter - Merge","hd":false},{"ty":"fl","c":{"a":0,"k":[0.9419610117,0.488341985964,0.488341985964,1],"ix":4},"o":{"a":0,"k":100,"ix":5},"r":1,"bm":0,"nm":"Fill 1","mn":"ADBE Vector Graphic - Fill","hd":false},{"ty":"tr","p":{"a":1,"k":[{"i":{"x":0.667,"y":1},"o":{"x":0.333,"y":0},"t":0,"s":[45,37],"to":[-7.5,-6.167],"ti":[7.5,6.167]},{"t":80,"s":[0,0]}],"ix":2},"a":{"a":0,"k":[0,0],"ix":1},"s":{"a":1,"k":[{"i":{"x":[0.667,0.667],"y":[1,1]},"o":{"x":[0.333,0.333],"y":[0,0]},"t":0,"s":[21,21]},{"t":80,"s":[100,100]}],"ix":3},"r":{"a":0,"k":0,"ix":6},"o":{"a":1,"k":[{"i":{"x":[0.667],"y":[1]},"o":{"x":[0.333],"y":[0]},"t":0,"s":[0]},{"t":80,"s":[100]}],"ix":7},"sk":{"a":1,"k":[{"i":{"x":[0.667],"y":[1]},"o":{"x":[0.167],"y":[0]},"t":80,"s":[0]},{"i":{"x":[0.667],"y":[1]},"o":{"x":[0.333],"y":[0]},"t":85,"s":[-15]},{"i":{"x":[0.667],"y":[1]},"o":{"x":[0.333],"y":[0]},"t":90,"s":[15]},{"i":{"x":[0.674],"y":[-1.713]},"o":{"x":[0.297],"y":[0]},"t":92,"s":[0]},{"i":{"x":[0.804],"y":[1]},"o":{"x":[0.43],"y":[0.224]},"t":100,"s":[0]},{"i":{"x":[0.833],"y":[1]},"o":{"x":[0.167],"y":[0]},"t":105,"s":[10]},{"i":{"x":[0.833],"y":[1]},"o":{"x":[0.167],"y":[0]},"t":106,"s":[0]},{"i":{"x":[0.833],"y":[1]},"o":{"x":[0.167],"y":[0]},"t":110,"s":[-10]},{"i":{"x":[0.833],"y":[1]},"o":{"x":[0.167],"y":[0]},"t":111,"s":[0]},{"i":{"x":[0.833],"y":[1]},"o":{"x":[0.167],"y":[0]},"t":115,"s":[10]},{"t":116,"s":[0]}],"ix":4},"sa":{"a":0,"k":0,"ix":5},"nm":"Transform"}],"nm":"O","np":5,"cix":2,"bm":0,"ix":1,"mn":"ADBE Vector Group","hd":false},{"ty":"gr","it":[{"ind":0,"ty":"sh","ix":1,"ks":{"a":0,"k":{"i":[[2.139,0],[0,2.357],[-2.067,0],[0,-2.32]],"o":[[-2.067,0],[0,-2.32],[2.139,0],[0,2.357]],"v":[[39.239,-4.641],[35.432,-8.52],[39.239,-12.363],[43.082,-8.52]],"c":true},"ix":2},"nm":"o","mn":"ADBE Vector Shape - Group","hd":false},{"ind":1,"ty":"sh","ix":2,"ks":{"a":0,"k":{"i":[[-4.822,0],[0,5.329],[4.786,0],[0,-5.366]],"o":[[4.786,0],[0,-5.366],[-4.822,0],[0,5.329]],"v":[[39.239,0.29],[48.049,-8.52],[39.239,-17.294],[30.465,-8.52]],"c":true},"ix":2},"nm":"o","mn":"ADBE Vector Shape - Group","hd":false},{"ty":"mm","mm":1,"nm":"Merge Paths 1","mn":"ADBE Vector Filter - Merge","hd":false},{"ty":"fl","c":{"a":0,"k":[0.9419610117,0.488341985964,0.488341985964,1],"ix":4},"o":{"a":0,"k":100,"ix":5},"r":1,"bm":0,"nm":"Fill 1","mn":"ADBE Vector Graphic - Fill","hd":false},{"ty":"tr","p":{"a":1,"k":[{"i":{"x":0.667,"y":1},"o":{"x":0.333,"y":0},"t":0,"s":[36,36],"to":[-6,-6],"ti":[6,6]},{"t":80,"s":[0,0]}],"ix":2},"a":{"a":0,"k":[0,0],"ix":1},"s":{"a":1,"k":[{"i":{"x":[0.667,0.667],"y":[1,1]},"o":{"x":[0.333,0.333],"y":[0,0]},"t":0,"s":[30,30]},{"t":80,"s":[100,100]}],"ix":3},"r":{"a":0,"k":0,"ix":6},"o":{"a":1,"k":[{"i":{"x":[0.667],"y":[1]},"o":{"x":[0.333],"y":[0]},"t":0,"s":[0]},{"t":80,"s":[100]}],"ix":7},"sk":{"a":1,"k":[{"i":{"x":[0.667],"y":[1]},"o":{"x":[0.333],"y":[0]},"t":80,"s":[0]},{"i":{"x":[0.667],"y":[1]},"o":{"x":[0.333],"y":[0]},"t":85,"s":[-15]},{"i":{"x":[0.667],"y":[1]},"o":{"x":[0.333],"y":[0]},"t":90,"s":[10]},{"i":{"x":[0.833],"y":[1]},"o":{"x":[0.333],"y":[0]},"t":92,"s":[0]},{"i":{"x":[0.833],"y":[1]},"o":{"x":[0.167],"y":[0]},"t":100,"s":[0]},{"i":{"x":[0.833],"y":[1]},"o":{"x":[0.167],"y":[0]},"t":105,"s":[10]},{"i":{"x":[0.833],"y":[1]},"o":{"x":[0.167],"y":[0]},"t":106,"s":[0]},{"i":{"x":[0.833],"y":[1]},"o":{"x":[0.167],"y":[0]},"t":110,"s":[-10]},{"i":{"x":[0.833],"y":[1]},"o":{"x":[0.167],"y":[0]},"t":111,"s":[0]},{"i":{"x":[0.833],"y":[1]},"o":{"x":[0.167],"y":[0]},"t":115,"s":[10]},{"t":116,"s":[0]}],"ix":4},"sa":{"a":0,"k":0,"ix":5},"nm":"Transform"}],"nm":"o","np":5,"cix":2,"bm":0,"ix":2,"mn":"ADBE Vector Group","hd":false},{"ty":"gr","it":[{"ind":0,"ty":"sh","ix":1,"ks":{"a":0,"k":{"i":[[0,2.538],[-2.139,0],[0,-2.502],[2.175,0]],"o":[[0,-2.465],[2.139,0],[0,2.465],[-2.03,0]],"v":[[57.868,-8.411],[61.784,-12.508],[65.699,-8.411],[61.784,-4.387]],"c":true},"ix":2},"nm":"p","mn":"ADBE Vector Shape - Group","hd":false},{"ind":1,"ty":"sh","ix":2,"ks":{"a":0,"k":{"i":[[0,0],[0,0],[0,0],[0,0],[-2.139,0],[0,5.438],[4.351,0],[0.834,-1.559],[0,0]],"o":[[0,0],[0,0],[0,0],[0.834,1.559],[4.351,0],[0,-5.366],[-2.139,0],[0,0],[0,0]],"v":[[52.756,-16.931],[52.756,8.302],[57.759,8.302],[57.759,-2.067],[62.726,0.363],[70.92,-8.52],[62.726,-17.294],[57.759,-14.828],[57.759,-16.931]],"c":true},"ix":2},"nm":"p","mn":"ADBE Vector Shape - Group","hd":false},{"ty":"mm","mm":1,"nm":"Merge Paths 1","mn":"ADBE Vector Filter - Merge","hd":false},{"ty":"fl","c":{"a":0,"k":[0.9419610117,0.488341985964,0.488341985964,1],"ix":4},"o":{"a":0,"k":100,"ix":5},"r":1,"bm":0,"nm":"Fill 1","mn":"ADBE Vector Graphic - Fill","hd":false},{"ty":"tr","p":{"a":1,"k":[{"i":{"x":0.667,"y":1},"o":{"x":0.333,"y":0},"t":0,"s":[37,35],"to":[-6.167,-5.833],"ti":[6.167,5.833]},{"t":80,"s":[0,0]}],"ix":2},"a":{"a":0,"k":[0,0],"ix":1},"s":{"a":1,"k":[{"i":{"x":[0.667,0.667],"y":[1,1]},"o":{"x":[0.333,0.333],"y":[0,0]},"t":0,"s":[19,19]},{"t":80,"s":[100,100]}],"ix":3},"r":{"a":0,"k":0,"ix":6},"o":{"a":1,"k":[{"i":{"x":[0.667],"y":[1]},"o":{"x":[0.333],"y":[0]},"t":0,"s":[2]},{"t":80,"s":[100]}],"ix":7},"sk":{"a":1,"k":[{"i":{"x":[0.667],"y":[1]},"o":{"x":[0.333],"y":[0]},"t":80,"s":[0]},{"i":{"x":[0.667],"y":[1]},"o":{"x":[0.333],"y":[0]},"t":85,"s":[-15]},{"i":{"x":[0.667],"y":[1]},"o":{"x":[0.333],"y":[0]},"t":90,"s":[14]},{"i":{"x":[0.674],"y":[-1.713]},"o":{"x":[0.297],"y":[0]},"t":92,"s":[0]},{"i":{"x":[0.804],"y":[1]},"o":{"x":[0.43],"y":[0.224]},"t":100,"s":[0]},{"i":{"x":[0.833],"y":[1]},"o":{"x":[0.167],"y":[0]},"t":105,"s":[10]},{"i":{"x":[0.833],"y":[1]},"o":{"x":[0.167],"y":[0]},"t":106,"s":[0]},{"i":{"x":[0.833],"y":[1]},"o":{"x":[0.167],"y":[0]},"t":110,"s":[-10]},{"i":{"x":[0.833],"y":[1]},"o":{"x":[0.167],"y":[0]},"t":111,"s":[0]},{"i":{"x":[0.833],"y":[1]},"o":{"x":[0.167],"y":[0]},"t":115,"s":[10]},{"t":116,"s":[0]}],"ix":4},"sa":{"a":0,"k":0,"ix":5},"nm":"Transform"}],"nm":"p","np":5,"cix":2,"bm":0,"ix":3,"mn":"ADBE Vector Group","hd":false},{"ty":"gr","it":[{"ind":0,"ty":"sh","ix":1,"ks":{"a":0,"k":{"i":[[0,0],[0,-0.725],[1.124,-0.036],[0.036,0.979],[0,0],[-3.408,0],[0,3.589],[4.097,1.16],[0,0],[0.036,0.544],[-1.124,0],[-0.036,-1.269],[0,0],[3.335,0],[0,-2.502],[-5.112,-1.341]],"o":[[1.269,0.326],[0,0.87],[-1.414,0],[0,0],[0,3.771],[3.553,0],[0,-1.124],[0,0],[-1.015,-0.254],[-0.036,-0.761],[0.834,0],[0,0],[0,-4.169],[-3.553,0],[0,1.559],[0,0]],"v":[[82.25,-6.381],[83.918,-4.931],[81.851,-3.517],[79.35,-5.474],[74.637,-5.474],[81.706,0.363],[89.03,-4.931],[84.425,-9.861],[81.561,-10.623],[80.075,-11.892],[81.851,-13.161],[83.773,-11.674],[88.522,-11.674],[81.561,-17.294],[74.963,-12.472],[80.039,-6.961]],"c":true},"ix":2},"nm":"s","mn":"ADBE Vector Shape - Group","hd":false},{"ty":"fl","c":{"a":0,"k":[0.9419610117,0.488341985964,0.488341985964,1],"ix":4},"o":{"a":0,"k":100,"ix":5},"r":1,"bm":0,"nm":"Fill 1","mn":"ADBE Vector Graphic - Fill","hd":false},{"ty":"tr","p":{"a":1,"k":[{"i":{"x":0.667,"y":1},"o":{"x":0.333,"y":0},"t":0,"s":[25,34],"to":[-4.167,-5.667],"ti":[4.167,5.667]},{"t":80,"s":[0,0]}],"ix":2},"a":{"a":0,"k":[0,0],"ix":1},"s":{"a":1,"k":[{"i":{"x":[0.667,0.667],"y":[1,1]},"o":{"x":[0.333,0.333],"y":[0,0]},"t":0,"s":[26,26]},{"t":80,"s":[100,100]}],"ix":3},"r":{"a":0,"k":0,"ix":6},"o":{"a":1,"k":[{"i":{"x":[0.833],"y":[1]},"o":{"x":[0.167],"y":[0]},"t":0,"s":[0]},{"t":80,"s":[100]}],"ix":7},"sk":{"a":1,"k":[{"i":{"x":[0.667],"y":[1]},"o":{"x":[0.333],"y":[0]},"t":80,"s":[0]},{"i":{"x":[0.667],"y":[1]},"o":{"x":[0.333],"y":[0]},"t":85,"s":[-12]},{"i":{"x":[0.667],"y":[1]},"o":{"x":[0.333],"y":[0]},"t":90,"s":[10]},{"i":{"x":[0.833],"y":[1]},"o":{"x":[0.333],"y":[0]},"t":92,"s":[0]},{"i":{"x":[0.833],"y":[1]},"o":{"x":[0.167],"y":[0]},"t":100,"s":[0]},{"i":{"x":[0.833],"y":[1]},"o":{"x":[0.167],"y":[0]},"t":105,"s":[10]},{"i":{"x":[0.833],"y":[1]},"o":{"x":[0.167],"y":[0]},"t":106,"s":[0]},{"i":{"x":[0.833],"y":[1]},"o":{"x":[0.167],"y":[0]},"t":110,"s":[-10]},{"i":{"x":[0.833],"y":[1]},"o":{"x":[0.167],"y":[0]},"t":111,"s":[0]},{"i":{"x":[0.833],"y":[1]},"o":{"x":[0.167],"y":[0]},"t":115,"s":[10]},{"t":116,"s":[0]}],"ix":4},"sa":{"a":0,"k":0,"ix":5},"nm":"Transform"}],"nm":"s","np":3,"cix":2,"bm":0,"ix":4,"mn":"ADBE Vector Group","hd":false}],"ip":0,"op":154,"st":0,"bm":0}],"markers":[]}